[{"model": "contenttypes.contenttype", "pk": 1, "fields": {"app_label": "admin", "model": "logentry"}}, {"model": "contenttypes.contenttype", "pk": 2, "fields": {"app_label": "auth", "model": "permission"}}, {"model": "contenttypes.contenttype", "pk": 3, "fields": {"app_label": "auth", "model": "group"}}, {"model": "contenttypes.contenttype", "pk": 4, "fields": {"app_label": "auth", "model": "user"}}, {"model": "contenttypes.contenttype", "pk": 5, "fields": {"app_label": "contenttypes", "model": "contenttype"}}, {"model": "contenttypes.contenttype", "pk": 6, "fields": {"app_label": "sessions", "model": "session"}}, {"model": "contenttypes.contenttype", "pk": 7, "fields": {"app_label": "mainapp", "model": "technic"}}, {"model": "contenttypes.contenttype", "pk": 8, "fields": {"app_label": "mainapp", "model": "department"}}, {"model": "contenttypes.contenttype", "pk": 9, "fields": {"app_label": "mainapp", "model": "subdevision"}}, {"model": "contenttypes.contenttype", "pk": 10, "fields": {"app_label": "mainapp", "model": "news"}}, {"model": "contenttypes.contenttype", "pk": 11, "fields": {"app_label": "employeesapp", "model": "employee"}}, {"model": "contenttypes.contenttype", "pk": 12, "fields": {"app_label": "employeesapp", "model": "post"}}, {"model": "contenttypes.contenttype", "pk": 13, "fields": {"app_label": "serversapp", "model": "server"}}, {"model": "contenttypes.contenttype", "pk": 14, "fields": {"app_label": "workstationsapp", "model": "computer"}}, {"model": "contenttypes.contenttype", "pk": 15, "fields": {"app_label": "workstationsapp", "model": "computermodel"}}, {"model": "contenttypes.contenttype", "pk": 16, "fields": {"app_label": "ticketsapp", "model": "mainproblem"}}, {"model": "contenttypes.contenttype", "pk": 17, "fields": {"app_label": "ticketsapp", "model": "subproblem"}}, {"model": "contenttypes.contenttype", "pk": 18, "fields": {"app_label": "ticketsapp", "model": "ticket"}}, {"model": "sessions.session", "pk": "ivdode4x9t5sy4o7fbvrxljlnzdtozcv", "fields": {"session_data": "NWRmZDFjM2FkODI5ZDdmZGEwMWMxZTQ3NGNiNGZhNDJkYmNlYjRkODp7Il9hdXRoX3VzZXJfaWQiOiIxIiwiX2F1dGhfdXNlcl9iYWNrZW5kIjoiZGphbmdvLmNvbnRyaWIuYXV0aC5iYWNrZW5kcy5Nb2RlbEJhY2tlbmQiLCJfYXV0aF91c2VyX2hhc2giOiJiMmIzNzc4OGQ4ZGU1NDgyNDZhYzY5OWRmNzMyZTk2MDBjMWFlOWJjIn0=", "expire_date": "2018-12-14T11:53:02.578Z"}}, {"model": "sessions.session", "pk": "mnzmrc5wzrxc70k24u6w2v9nugpdb6cx", "fields": {"session_data": "NWRmZDFjM2FkODI5ZDdmZGEwMWMxZTQ3NGNiNGZhNDJkYmNlYjRkODp7Il9hdXRoX3VzZXJfaWQiOiIxIiwiX2F1dGhfdXNlcl9iYWNrZW5kIjoiZGphbmdvLmNvbnRyaWIuYXV0aC5iYWNrZW5kcy5Nb2RlbEJhY2tlbmQiLCJfYXV0aF91c2VyX2hhc2giOiJiMmIzNzc4OGQ4ZGU1NDgyNDZhYzY5OWRmNzMyZTk2MDBjMWFlOWJjIn0=", "expire_date": "2018-12-14T12:08:12.721Z"}}, {"model": "mainapp.department", "pk": 1, "fields": {"departmentmname": "\u041e\u0440\u0433\u0430\u043d\u0438\u0437\u0430\u0446\u0438\u043e\u043d\u043d\u043e-\u043f\u043b\u0430\u043d\u043e\u0432\u043e\u0435 \u0443\u043f\u0440\u0430\u0432\u043b\u0435\u043d\u0438\u0435"}}, {"model": "mainapp.department", "pk": 2, "fields": {"departmentmname": "\u0423\u043f\u0440\u0430\u0432\u043b\u0435\u043d\u0438\u0435 (\u043f\u043b\u0430\u043d\u0438\u0440\u043e\u0432\u0430\u043d\u0438\u044f \u0438 \u043c\u0435\u0442\u043e\u0434\u043e\u043b\u043e\u0433\u0438\u0438 \u0437\u0430\u043a\u0443\u043f\u043e\u043a)"}}, {"model": "mainapp.department", "pk": 3, "fields": {"departmentmname": "\u0423\u043f\u0440\u0430\u0432\u043b\u0435\u043d\u0438\u0435 (\u043c\u043e\u043d\u0438\u0442\u043e\u0440\u0438\u043d\u0433\u0430, \u0430\u043d\u0430\u043b\u0438\u0437\u0430 \u0438 \u0443\u0447\u0435\u0442\u0430 \u0437\u0430\u043a\u0443\u043f\u043e\u043a)"}}, {"model": "mainapp.department", "pk": 4, "fields": {"departmentmname": "\u0423\u043f\u0440\u0430\u0432\u043b\u0435\u043d\u0438\u0435 (\u043f\u0440\u043e\u0432\u0435\u0434\u0435\u043d\u0438\u044f \u043a\u043e\u043d\u043a\u0443\u0440\u0435\u043d\u0442\u043d\u044b\u0445 \u043f\u0440\u043e\u0446\u0435\u0434\u0443\u0440)"}}, {"model": "mainapp.department", "pk": 5, "fields": {"departmentmname": "\u0423\u043f\u0440\u0430\u0432\u043b\u0435\u043d\u0438\u0435 (\u0433\u043e\u0441\u0443\u0434\u0430\u0440\u0441\u0442\u0432\u0435\u043d\u043d\u043e\u0433\u043e \u043e\u0431\u043e\u0440\u043e\u043d\u043d\u043e\u0433\u043e \u0437\u0430\u043a\u0430\u0437\u0430)"}}, {"model": "mainapp.department", "pk": 6, "fields": {"departmentmname": "\u0423\u043f\u0440\u0430\u0432\u043b\u0435\u043d\u0438\u0435 (\u0433\u043e\u0441\u0443\u0434\u0430\u0440\u0441\u0442\u0432\u0435\u043d\u043d\u043e\u0433\u043e \u0437\u0430\u043a\u0430\u0437\u0430)"}}, {"model": "mainapp.department", "pk": 7, "fields": {"departmentmname": "\u0423\u043f\u0440\u0430\u0432\u043b\u0435\u043d\u0438\u0435 (\u0437\u0430\u043a\u043b\u044e\u0447\u0435\u043d\u0438\u044f \u0433\u043e\u0441\u0443\u0434\u0430\u0440\u0441\u0442\u0432\u0435\u043d\u043d\u044b\u0445 \u043a\u043e\u043d\u0442\u0440\u0430\u043a\u0442\u043e\u0432)"}}, {"model": "mainapp.department", "pk": 8, "fields": {"departmentmname": "\u043e\u0442\u0441\u0443\u0442\u0441\u0442\u0432\u0443\u0435\u0442"}}, {"model": "mainapp.subdevision", "pk": 1, "fields": {"department": 1, "subdevisionname": "\u041e\u0440\u0433\u0430\u043d\u0438\u0437\u0430\u0446\u0438\u043e\u043d\u043d\u043e-\u043f\u043b\u0430\u043d\u043e\u0432\u044b\u0439 \u043e\u0442\u0434\u0435\u043b"}}, {"model": "mainapp.subdevision", "pk": 2, "fields": {"department": 1, "subdevisionname": "\u043e\u0442\u0434\u0435\u043b (\u043e\u0440\u0433\u0430\u043d\u0438\u0437\u0430\u0446\u0438\u043e\u043d\u043d\u043e-\u0443\u0447\u0435\u0442\u043d\u044b\u0439)"}}, {"model": "mainapp.subdevision", "pk": 3, "fields": {"department": 1, "subdevisionname": "\u041e\u0442\u0434\u0435\u043b (\u0438\u043d\u0444\u043e\u0440\u043c\u0430\u0446\u0438\u043e\u043d\u043d\u043e-\u0442\u0435\u0445\u043d\u0438\u0447\u0435\u0441\u043a\u043e\u0433\u043e \u043e\u0431\u0435\u0441\u043f\u0435\u0447\u0435\u043d\u0438\u044f)"}}, {"model": "mainapp.subdevision", "pk": 4, "fields": {"department": 1, "subdevisionname": "\u041e\u0442\u0434\u0435\u043b (\u0434\u043e\u043a\u0443\u043c\u0435\u043d\u0442\u0430\u0446\u0438\u043e\u043d\u043d\u043e\u0433\u043e \u043e\u0431\u0435\u0441\u043f\u0435\u0447\u0435\u043d\u0438\u044f)"}}, {"model": "mainapp.subdevision", "pk": 5, "fields": {"department": 1, "subdevisionname": "\u0420\u0435\u0436\u0438\u043c\u043d\u043e-\u0441\u0435\u043a\u0440\u0435\u0442\u043d\u044b\u0439 \u043e\u0442\u0434\u0435\u043b"}}, {"model": "mainapp.subdevision", "pk": 6, "fields": {"department": 2, "subdevisionname": "\u041e\u0442\u0434\u0435\u043b (\u043f\u043b\u0430\u043d\u0438\u0440\u043e\u0432\u0430\u043d\u0438\u044f \u0437\u0430\u043a\u0443\u043f\u043e\u043a)"}}, {"model": "mainapp.subdevision", "pk": 7, "fields": {"department": 2, "subdevisionname": "\u041e\u0442\u0434\u0435\u043b (\u043c\u0435\u0442\u043e\u0434\u043e\u043b\u043e\u0433\u0438\u0438 \u0437\u0430\u043a\u0443\u043f\u043e\u043a)"}}, {"model": "mainapp.subdevision", "pk": 8, "fields": {"department": 3, "subdevisionname": "\u041e\u0442\u0434\u0435\u043b (\u0430\u043d\u0430\u043b\u0438\u0437\u0430, \u0443\u0447\u0435\u0442\u0430 \u0438 \u043e\u0442\u0447\u0435\u0442\u043d\u043e\u0441\u0442\u0438)"}}, {"model": "mainapp.subdevision", "pk": 9, "fields": {"department": 3, "subdevisionname": "\u041e\u0442\u0434\u0435\u043b (\u043c\u043e\u043d\u0438\u0442\u043e\u0440\u0438\u043d\u0433\u0430 \u0437\u0430\u043a\u0443\u043f\u043e\u043a \u0442\u043e\u0432\u0430\u0440\u043e\u0432, \u0440\u0430\u0431\u043e\u0442, \u0443\u0441\u043b\u0443\u0433 \u0433\u043e\u0441\u0443\u0434\u0430\u0440\u0441\u0442\u0432\u0435\u043d\u043d\u043e\u0433\u043e \u043e\u0431\u043e\u0440\u043e\u043d\u043d\u043e\u0433\u043e \u0437\u0430\u043a\u0430\u0437\u0430)"}}, {"model": "mainapp.subdevision", "pk": 10, "fields": {"department": 3, "subdevisionname": "\u041e\u0442\u0434\u0435\u043b (\u043c\u043e\u043d\u0438\u0442\u043e\u0440\u0438\u043d\u0433\u0430 \u0437\u0430\u043a\u0443\u043f\u043e\u043a \u0442\u043e\u0432\u0430\u0440\u043e\u0432, \u0440\u0430\u0431\u043e\u0442, \u0443\u0441\u043b\u0443\u0433 \u0433\u043e\u0441\u0443\u0434\u0430\u0440\u0441\u0442\u0432\u0435\u043d\u043d\u043e\u0433\u043e \u0437\u0430\u043a\u0430\u0437\u0430)"}}, {"model": "mainapp.subdevision", "pk": 11, "fields": {"department": 4, "subdevisionname": "\u041e\u0442\u0434\u0435\u043b (\u043f\u0440\u043e\u0432\u0435\u0434\u0435\u043d\u0438\u044f \u043a\u043e\u043d\u043a\u0443\u0440\u0435\u043d\u0442\u043d\u044b\u0445 \u043f\u0440\u043e\u0446\u0435\u0434\u0443\u0440 \u043f\u043e \u0433\u043e\u0441\u0443\u0434\u0430\u0440\u0441\u0442\u0432\u0435\u043d\u043d\u043e\u043c\u0443 \u043e\u0431\u043e\u0440\u043e\u043d\u043d\u043e\u043c\u0443 \u0437\u0430\u043a\u0430\u0437\u0443)"}}, {"model": "mainapp.subdevision", "pk": 12, "fields": {"department": 4, "subdevisionname": "\u041e\u0442\u0434\u0435\u043b (\u043f\u0440\u043e\u0432\u0435\u0434\u0435\u043d\u0438\u044f \u043a\u043e\u043d\u043a\u0443\u0440\u0435\u043d\u0442\u043d\u044b\u0445 \u043f\u0440\u043e\u0446\u0435\u0434\u0443\u0440 \u043f\u043e \u0433\u043e\u0441\u0443\u0434\u0430\u0440\u0441\u0442\u0432\u0435\u043d\u043d\u043e\u043c\u0443 \u0437\u0430\u043a\u0430\u0437\u0443)"}}, {"model": "mainapp.subdevision", "pk": 13, "fields": {"department": 4, "subdevisionname": "\u041e\u0442\u0434\u0435\u043b (\u043e\u0431\u0435\u0441\u043f\u0435\u0447\u0435\u043d\u0438\u044f \u043f\u0440\u043e\u0432\u0435\u0434\u0435\u043d\u0438\u044f \u043a\u043e\u043d\u043a\u0443\u0440\u0435\u043d\u0442\u043d\u044b\u0445 \u043f\u0440\u043e\u0446\u0435\u0434\u0443\u0440)"}}, {"model": "mainapp.subdevision", "pk": 14, "fields": {"department": 4, "subdevisionname": "\u041e\u0442\u0434\u0435\u043b (\u043f\u0440\u043e\u0432\u0435\u0440\u043a\u0438 \u0443\u0447\u0430\u0441\u0442\u043d\u0438\u043a\u043e\u0432 \u0437\u0430\u043a\u0443\u043f\u043e\u043a)"}}, {"model": "mainapp.subdevision", "pk": 15, "fields": {"department": 5, "subdevisionname": "\u041e\u0442\u0434\u0435\u043b (\u043f\u043e\u0434\u0433\u043e\u0442\u043e\u0432\u043a\u0438 \u0434\u043e\u043a\u0443\u043c\u0435\u043d\u0442\u0430\u0446\u0438\u0438 \u0437\u0430\u043a\u0443\u043f\u043e\u043a \u0412\u0412\u0421\u0422)"}}, {"model": "mainapp.subdevision", "pk": 16, "fields": {"department": 5, "subdevisionname": "\u041e\u0442\u0434\u0435\u043b (\u043f\u043e\u0434\u0433\u043e\u0442\u043e\u0432\u043a\u0438 \u0434\u043e\u043a\u0443\u043c\u0435\u043d\u0442\u0430\u0446\u0438\u0438 \u0437\u0430\u043a\u0443\u043f\u043e\u043a \u041d\u0418\u041e\u041a\u0420)"}}, {"model": "mainapp.subdevision", "pk": 17, "fields": {"department": 5, "subdevisionname": "\u041e\u0442\u0434\u0435\u043b (\u043f\u043e\u0434\u0433\u043e\u0442\u043e\u0432\u043a\u0438 \u0434\u043e\u043a\u0443\u043c\u0435\u043d\u0442\u0430\u0446\u0438\u0438 \u0437\u0430\u043a\u0443\u043f\u043e\u043a \u043c\u0430\u0442\u0435\u0440\u0438\u0430\u043b\u044c\u043d\u044b\u0445 \u0438 \u0442\u0435\u0445\u043d\u0438\u0447\u0435\u0441\u043a\u0438\u0445 \u0441\u0440\u0435\u0434\u0441\u0442\u0432)"}}, {"model": "mainapp.subdevision", "pk": 18, "fields": {"department": 6, "subdevisionname": "\u041e\u0442\u0434\u0435\u043b (\u043f\u043e\u0434\u0433\u043e\u0442\u043e\u0432\u043a\u0438 \u0434\u043e\u043a\u0443\u043c\u0435\u043d\u0442\u0430\u0446\u0438\u0438 \u0437\u0430\u043a\u0443\u043f\u043e\u043a \u043c\u0430\u0442\u0435\u0440\u0438\u0430\u043b\u044c\u043d\u044b\u0445 \u0438 \u0442\u0435\u0445\u043d\u0438\u0447\u0435\u0441\u043a\u0438\u0445 \u0441\u0440\u0435\u0434\u0441\u0442\u0432)"}}, {"model": "mainapp.subdevision", "pk": 19, "fields": {"department": 6, "subdevisionname": "\u041e\u0442\u0434\u0435\u043b (\u043f\u043e\u0434\u0433\u043e\u0442\u043e\u0432\u043a\u0438 \u0434\u043e\u043a\u0443\u043c\u0435\u043d\u0442\u0430\u0446\u0438\u0438 \u0437\u0430\u043a\u0443\u043f\u043e\u043a \u0440\u0430\u0431\u043e\u0442 \u0438 \u0443\u0441\u043b\u0443\u0433)"}}, {"model": "mainapp.subdevision", "pk": 20, "fields": {"department": 6, "subdevisionname": "\u041e\u0442\u0434\u0435\u043b (\u043f\u043e\u0434\u0433\u043e\u0442\u043e\u0432\u043a\u0438 \u0434\u043e\u043a\u0443\u043c\u0435\u043d\u0442\u0430\u0446\u0438\u0438 \u0437\u0430\u043a\u0443\u043f\u043e\u043a \u0442\u043e\u0432\u0430\u0440\u043e\u0432)"}}, {"model": "mainapp.subdevision", "pk": 21, "fields": {"department": 7, "subdevisionname": "\u041e\u0442\u0434\u0435\u043b (\u0437\u0430\u043a\u043b\u044e\u0447\u0435\u043d\u0438\u044f \u0433\u043e\u0441\u0443\u0434\u0430\u0440\u0441\u0442\u0432\u0435\u043d\u043d\u044b\u0445 \u043a\u043e\u043d\u0442\u0440\u0430\u043a\u0442\u043e\u0432 \u043f\u043e \u043d\u043e\u043c\u0435\u043d\u043a\u043b\u0430\u0442\u0443\u0440\u0435 \u0433\u043e\u0441\u0443\u0434\u0430\u0440\u0441\u0442\u0432\u0435\u043d\u043d\u043e\u0433\u043e \u043e\u0431\u043e\u0440\u043e\u043d\u043d\u043e\u0433\u043e \u0437\u0430\u043a\u0430\u0437\u0430)"}}, {"model": "mainapp.subdevision", "pk": 22, "fields": {"department": 7, "subdevisionname": "\u041e\u0442\u0434\u0435\u043b (\u0437\u0430\u043a\u043b\u044e\u0447\u0435\u043d\u0438\u044f \u0433\u043e\u0441\u0443\u0434\u0430\u0440\u0441\u0442\u0432\u0435\u043d\u043d\u044b\u0445 \u043a\u043e\u043d\u0442\u0440\u0430\u043a\u0442\u043e\u0432 \u043f\u043e \u043d\u043e\u043c\u0435\u043d\u043a\u043b\u0430\u0442\u0443\u0440\u0435 \u0433\u043e\u0441\u0443\u0434\u0430\u0440\u0441\u0442\u0432\u0435\u043d\u043d\u043e\u0433\u043e  \u0437\u0430\u043a\u0430\u0437\u0430)"}}, {"model": "mainapp.subdevision", "pk": 23, "fields": {"department": 7, "subdevisionname": "\u041e\u0442\u0434\u0435\u043b (\u0437\u0430\u043a\u043b\u044e\u0447\u0435\u043d\u0438\u044f \u0434\u043e\u043f\u043e\u043b\u043d\u0438\u0442\u0435\u043b\u044c\u043d\u044b\u0445 \u0441\u043e\u0433\u043b\u0430\u0448\u0435\u043d\u0438\u0439)"}}, {"model": "mainapp.subdevision", "pk": 24, "fields": {"department": 8, "subdevisionname": "\u041e\u0442\u0434\u0435\u043b (\u044e\u0440\u0438\u0434\u0438\u0447\u0435\u0441\u043a\u043e\u0433\u043e \u0441\u043e\u043f\u0440\u043e\u0432\u043e\u0436\u0434\u0435\u043d\u0438\u044f \u0437\u0430\u043a\u0443\u043f\u043e\u043a)"}}, {"model": "employeesapp.post", "pk": 1, "fields": {"postname": "\u0420\u0443\u043a\u043e\u0432\u043e\u0434\u0438\u0442\u0435\u043b\u044c \u0434\u0435\u043f\u0430\u0440\u0442\u0430\u043c\u0435\u043d\u0442\u0430"}}, {"model": "employeesapp.post", "pk": 2, "fields": {"postname": "\u0417\u0430\u043c\u0435\u0441\u0442\u0438\u0442\u0435\u043b\u044c \u0440\u0443\u043a\u043e\u0432\u043e\u0434\u0438\u0442\u0435\u043b\u044f \u0434\u0435\u043f\u0430\u0440\u0442\u0430\u043c\u0435\u043d\u0442\u0430"}}, {"model": "employeesapp.post", "pk": 3, "fields": {"postname": "\u0421\u043f\u0435\u0446\u0438\u0430\u043b\u0438\u0441\u0442 1 \u0440\u0430\u0437\u0440\u044f\u0434\u0430"}}, {"model": "employeesapp.post", "pk": 4, "fields": {"postname": "\u0413\u043b\u0430\u0432\u043d\u044b\u0439 \u0441\u043f\u0435\u0446\u0438\u0430\u043b\u0438\u0441\u0442-\u044d\u043a\u0441\u043f\u0435\u0440\u0442"}}, {"model": "employeesapp.post", "pk": 5, "fields": {"postname": "\u0412\u0435\u0434\u0443\u0449\u0438\u0439 \u0441\u043f\u0435\u0446\u0438\u0430\u043b\u0438\u0441\u0442-\u044d\u043a\u0441\u043f\u0435\u0440\u0442"}}, {"model": "employeesapp.post", "pk": 6, "fields": {"postname": "\u0421\u043e\u0432\u0435\u0442\u043d\u0438\u043a"}}, {"model": "employeesapp.post", "pk": 7, "fields": {"postname": "\u0412\u0435\u0434\u0443\u0449\u0438\u0439 \u0441\u043e\u0432\u0435\u0442\u043d\u0438\u043a"}}, {"model": "employeesapp.post", "pk": 8, "fields": {"postname": "\u041a\u043e\u043d\u0441\u0443\u043b\u044c\u0442\u0430\u043d\u0442"}}, {"model": "employeesapp.post", "pk": 9, "fields": {"postname": "\u0412\u0435\u0434\u0443\u0449\u0438\u0439 \u043a\u043e\u043d\u0441\u0443\u043b\u044c\u0442\u0430\u043d\u0442"}}, {"model": "employeesapp.post", "pk": 10, "fields": {"postname": "\u0417\u0430\u043c\u0435\u0441\u0442\u0438\u0442\u0435\u043b\u044c \u043d\u0430\u0447\u0430\u043b\u044c\u043d\u0438\u043a\u0430 \u043e\u0442\u0434\u0435\u043b\u0430"}}, {"model": "employeesapp.post", "pk": 11, "fields": {"postname": "\u0420\u0435\u0444\u0435\u0440\u0435\u043d\u0442"}}, {"model": "employeesapp.post", "pk": 12, "fields": {"postname": "\u041d\u0430\u0447\u0430\u043b\u044c\u043d\u0438\u043a \u043e\u0442\u0434\u0435\u043b\u0430"}}, {"model": "employeesapp.post", "pk": 13, "fields": {"postname": "\u0417\u0430\u043c\u0435\u0441\u0442\u0438\u0442\u0435\u043b\u044c \u043d\u0430\u0447\u0430\u043b\u044c\u043d\u0438\u043a\u0430 \u0443\u043f\u0440\u0430\u0432\u043b\u0435\u043d\u0438\u044f - \u043d\u0430\u0447\u0430\u043b\u044c\u043d\u0438\u043a \u043e\u0442\u0434\u0435\u043b\u0430"}}, {"model": "ticketsapp.mainproblem", "pk": 1, "fields": {"mainproblemname": "\u041f\u0440\u043e\u0433\u0440\u0430\u043c\u043c\u043d\u043e\u0435 \u043e\u0431\u0435\u0441\u043f\u0435\u0447\u0435\u043d\u0438\u0435"}}, {"model": "ticketsapp.mainproblem", "pk": 2, "fields": {"mainproblemname": "\u041a\u043e\u043c\u043f\u044c\u044e\u0442\u0435\u0440\u044b"}}, {"model": "ticketsapp.mainproblem", "pk": 3, "fields": {"mainproblemname": "\u041a\u043e\u043f\u0438\u0440\u043e\u0432\u0430\u043b\u044c\u043d\u043e-\u043c\u043d\u043e\u0436\u0438\u0442\u0435\u043b\u044c\u043d\u0430\u044f \u0442\u0435\u0445\u043d\u0438\u043a\u0430"}}, {"model": "ticketsapp.mainproblem", "pk": 4, "fields": {"mainproblemname": "\u0412\u044b\u0434\u0430\u0447\u0430 \u043f\u0435\u0440\u0438\u0444\u0435\u0440\u0438\u0439\u043d\u044b\u0445 \u0443\u0441\u0442\u0440\u043e\u0439\u0441\u0442\u0432"}}, {"model": "ticketsapp.mainproblem", "pk": 5, "fields": {"mainproblemname": "\u0412\u044b\u0434\u0430\u0447\u0430 \u043a\u0430\u0440\u0442\u0440\u0438\u0434\u0436\u0435\u0439"}}, {"model": "ticketsapp.mainproblem", "pk": 6, "fields": {"mainproblemname": "\u0422\u0435\u043b\u0435\u0444\u043e\u043d\u0438\u044f"}}, {"model": "ticketsapp.mainproblem", "pk": 7, "fields": {"mainproblemname": "\u041e\u0431\u0435\u0441\u043f\u0435\u0447\u0435\u043d\u0438\u0435 \u0441\u043e\u0442\u0440\u0443\u0434\u043d\u0438\u043a\u0430"}}, {"model": "ticketsapp.mainproblem", "pk": 8, "fields": {"mainproblemname": "\u041f\u0440\u043e\u0447\u0438\u0435 \u043f\u0440\u043e\u0431\u043b\u0435\u043c\u044b"}}, {"model": "ticketsapp.subproblem", "pk": 1, "fields": {"mainproblem": 1, "subproblemname": "\u0423\u0441\u0442\u0430\u043d\u043e\u0432\u043a\u0430 winrar"}}, {"model": "ticketsapp.subproblem", "pk": 2, "fields": {"mainproblem": 1, "subproblemname": "\u0423\u0441\u0442\u0430\u043d\u043e\u0432\u043a\u0430 Microsoft Office"}}, {"model": "ticketsapp.subproblem", "pk": 3, "fields": {"mainproblem": 1, "subproblemname": "\u0410\u043a\u0442\u0438\u0432\u0430\u0446\u0438\u044f Microsoft Office"}}, {"model": "ticketsapp.subproblem", "pk": 4, "fields": {"mainproblem": 1, "subproblemname": "\u0423\u0441\u0442\u0430\u043d\u043e\u0432\u043a\u0430 Adobe Reader"}}, {"model": "ticketsapp.subproblem", "pk": 5, "fields": {"mainproblem": 1, "subproblemname": "\u0410\u043a\u0442\u0438\u0432\u0430\u0446\u0438\u044f Windows"}}, {"model": "ticketsapp.subproblem", "pk": 6, "fields": {"mainproblem": 1, "subproblemname": "\u041d\u0435 \u0440\u0430\u0431\u043e\u0442\u0430\u0435\u0442 \u043f\u043e\u0447\u0442\u0430 (Microsoft Outlook)"}}, {"model": "ticketsapp.subproblem", "pk": 7, "fields": {"mainproblem": 1, "subproblemname": "\u041f\u043e\u0434\u043a\u043b\u044e\u0447\u0435\u043d\u0438\u0435(\u043d\u0430\u0441\u0442\u0440\u043e\u0439\u043a\u0430) \u0442\u043e\u0440\u0433\u043e\u0432\u044b\u0445 \u043f\u043b\u043e\u0449\u0430\u0434\u043e\u043a"}}, {"model": "ticketsapp.subproblem", "pk": 8, "fields": {"mainproblem": 1, "subproblemname": "\u041d\u0435 \u0440\u0430\u0431\u043e\u0442\u0430\u044e\u0442 \u0442\u043e\u0440\u0433\u043e\u0432\u044b\u0435 \u043f\u043b\u043e\u0449\u0430\u0434\u043a\u0438"}}, {"model": "ticketsapp.subproblem", "pk": 9, "fields": {"mainproblem": 1, "subproblemname": "\u041d\u0435 \u0434\u043e\u0441\u0442\u0443\u043f\u0435\u043d \u0441\u0430\u0439\u0442 \u0437\u0430\u043a\u0443\u043f\u043e\u043a (zakupki.gov.ru)"}}, {"model": "ticketsapp.subproblem", "pk": 10, "fields": {"mainproblem": 1, "subproblemname": "\u0423\u0441\u0442\u0430\u043d\u043e\u0432\u043a\u0430 \u0430\u043d\u0442\u0438\u0432\u0438\u0440\u0443\u0441\u043d\u043e\u0433\u043e \u041f\u041e"}}, {"model": "ticketsapp.subproblem", "pk": 11, "fields": {"mainproblem": 2, "subproblemname": "\u0423\u0441\u0442\u0430\u043d\u043e\u0432\u043a\u0430 \u043a\u043e\u043c\u043f\u044c\u044e\u0442\u0435\u0440\u0430"}}, {"model": "ticketsapp.subproblem", "pk": 12, "fields": {"mainproblem": 2, "subproblemname": "\u041f\u0435\u0440\u0435\u043c\u0435\u0449\u0435\u043d\u0438\u0435 \u043a\u043e\u043c\u043f\u044c\u044e\u0442\u0435\u0440\u0430"}}, {"model": "ticketsapp.subproblem", "pk": 13, "fields": {"mainproblem": 2, "subproblemname": "\u041d\u0435 \u0432\u043a\u043b\u044e\u0447\u0430\u0435\u0442\u0441\u044f \u043a\u043e\u043c\u043f\u044c\u044e\u0442\u0435\u0440"}}, {"model": "ticketsapp.subproblem", "pk": 14, "fields": {"mainproblem": 2, "subproblemname": "\u041f\u0440\u043e\u0438\u0437\u0432\u043e\u043b\u044c\u043d\u0430\u044f \u043f\u0435\u0440\u0435\u0437\u0430\u0433\u0440\u0443\u0437\u043a\u0430 \u043a\u043e\u043c\u043f\u044c\u044e\u0442\u0435\u0440\u0430"}}, {"model": "ticketsapp.subproblem", "pk": 15, "fields": {"mainproblem": 2, "subproblemname": "\u041f\u043e\u0434\u043a\u043b\u044e\u0447\u0435\u043d\u0438\u0435 \u043a \u0441\u0435\u0442\u0438 \u0418\u043d\u0442\u0435\u0440\u043d\u0435\u0442"}}, {"model": "ticketsapp.subproblem", "pk": 16, "fields": {"mainproblem": 2, "subproblemname": "\u041e\u0442\u043a\u043b\u044e\u0447\u0435\u043d\u0438\u0435 \u043e\u0442 \u0441\u0435\u0442\u0438 \u0418\u043d\u0442\u0435\u0440\u043d\u0435\u0442"}}, {"model": "ticketsapp.subproblem", "pk": 17, "fields": {"mainproblem": 2, "subproblemname": "\u041f\u043e\u0434\u043a\u043b\u044e\u0447\u0435\u043d\u0438\u0435 \u0441\u0435\u0442\u0435\u0432\u044b\u0445 \u0434\u0438\u0441\u043a\u043e\u0432"}}, {"model": "ticketsapp.subproblem", "pk": 18, "fields": {"mainproblem": 2, "subproblemname": "\u041e\u0442\u043a\u043b\u044e\u0447\u0435\u043d\u0438\u0435 \u0441\u0435\u0442\u0435\u0432\u044b\u0445 \u0434\u0438\u0441\u043a\u043e\u0432"}}, {"model": "ticketsapp.subproblem", "pk": 19, "fields": {"mainproblem": 2, "subproblemname": "\u041f\u0440\u043e\u0431\u043b\u0435\u043c\u044b \u0441 \u0434\u043e\u0441\u0442\u0443\u043f\u043e\u043c \u0432 \u0418\u043d\u0442\u0435\u0440\u043d\u0435\u0442"}}, {"model": "ticketsapp.subproblem", "pk": 20, "fields": {"mainproblem": 2, "subproblemname": "\u041d\u0435 \u0432\u043a\u043b\u044e\u0447\u0430\u0435\u0442\u0441\u044f \u043c\u043e\u043d\u0438\u0442\u043e\u0440"}}, {"model": "ticketsapp.subproblem", "pk": 21, "fields": {"mainproblem": 2, "subproblemname": "\u041d\u0435 \u0432\u043a\u043b\u044e\u0447\u0430\u0435\u0442\u0441\u044f \u043c\u043e\u043d\u0438\u0442\u043e\u0440"}}, {"model": "ticketsapp.subproblem", "pk": 22, "fields": {"mainproblem": 2, "subproblemname": "\u0421\u043e\u0437\u0434\u0430\u043d\u0438\u0435 \u0443\u0447\u0435\u0442\u043d\u043e\u0439 \u0437\u0430\u043f\u0438\u0441\u0438"}}, {"model": "ticketsapp.subproblem", "pk": 23, "fields": {"mainproblem": 3, "subproblemname": "\u041d\u0435\u0438\u0441\u043f\u0440\u0430\u0432\u043d\u043e\u0441\u0442\u044c \u043f\u0440\u0438\u043d\u0442\u0435\u0440\u0430 (\u0441\u043a\u0430\u043d\u0435\u0440\u0430, \u041c\u0424\u0423)"}}, {"model": "ticketsapp.subproblem", "pk": 24, "fields": {"mainproblem": 3, "subproblemname": "\u041f\u043e\u0434\u043a\u043b\u044e\u0447\u0435\u043d\u0438\u0435 \u043f\u0440\u0438\u043d\u0442\u0435\u0440\u0430 (\u0441\u043a\u0430\u043d\u0435\u0440\u0430, \u041c\u0424\u0423)"}}, {"model": "ticketsapp.subproblem", "pk": 25, "fields": {"mainproblem": 3, "subproblemname": "\u0412\u044b\u0434\u0430\u0447\u0430(\u043f\u043e\u0434\u043a\u043b\u044e\u0447\u0435\u043d\u0438\u0435) \u043f\u0440\u0438\u043d\u0442\u0435\u0440\u0430 (\u0441\u043a\u0430\u043d\u0435\u0440\u0430, \u041c\u0424\u0423)"}}, {"model": "ticketsapp.subproblem", "pk": 26, "fields": {"mainproblem": 4, "subproblemname": "\u0412\u044b\u0434\u0430\u0447\u0430 (\u0443\u0441\u0442\u0430\u043d\u043e\u0432\u043a\u0430) KVM \u043f\u0435\u0440\u0435\u043a\u043b\u044e\u0447\u0430\u0442\u0435\u043b\u044f"}}, {"model": "ticketsapp.subproblem", "pk": 27, "fields": {"mainproblem": 4, "subproblemname": "\u0412\u044b\u0434\u0430\u0447\u0430 (\u0443\u0441\u0442\u0430\u043d\u043e\u0432\u043a\u0430) \u043c\u044b\u0448\u0438"}}, {"model": "ticketsapp.subproblem", "pk": 28, "fields": {"mainproblem": 4, "subproblemname": "\u0412\u044b\u0434\u0430\u0447\u0430 (\u0443\u0441\u0442\u0430\u043d\u043e\u0432\u043a\u0430) \u043a\u043b\u0430\u0432\u0438\u0430\u0442\u0443\u0440\u044b"}}, {"model": "ticketsapp.subproblem", "pk": 29, "fields": {"mainproblem": 4, "subproblemname": "\u0412\u044b\u0434\u0430\u0447\u0430 \u043d\u0430\u043a\u043b\u0435\u0435\u043a \u043d\u0430 \u043a\u043b\u0430\u0432\u0438\u0430\u0442\u0443\u0440\u0443"}}, {"model": "ticketsapp.subproblem", "pk": 30, "fields": {"mainproblem": 6, "subproblemname": "\u0412\u044b\u0434\u0430\u0447\u0430 (\u0443\u0441\u0442\u0430\u043d\u043e\u0432\u043a\u0430, \u043d\u0430\u0441\u0442\u0440\u043e\u0439\u043a\u0430) \u0442\u0435\u043b\u0435\u0444\u043e\u043d\u0430"}}, {"model": "ticketsapp.subproblem", "pk": 31, "fields": {"mainproblem": 6, "subproblemname": "\u041d\u0435 \u0440\u0430\u0431\u043e\u0442\u0430\u0435\u0442 \u0442\u0435\u043b\u0435\u0444\u043e\u043d"}}, {"model": "ticketsapp.subproblem", "pk": 32, "fields": {"mainproblem": 8, "subproblemname": "\u041f\u0440\u043e\u0447\u0435\u0435"}}, {"model": "ticketsapp.subproblem", "pk": 33, "fields": {"mainproblem": 5, "subproblemname": "\u041a\u0430\u0440\u0442\u0440\u0438\u0434\u0436 Epson Premium XP-600"}}, {"model": "ticketsapp.subproblem", "pk": 34, "fields": {"mainproblem": 5, "subproblemname": "\u041a\u0430\u0440\u0442\u0440\u0438\u0434\u0436 Color LaserJet CP5525"}}, {"model": "ticketsapp.subproblem", "pk": 35, "fields": {"mainproblem": 5, "subproblemname": "\u041a\u0430\u0440\u0442\u0440\u0438\u0434\u0436 Color LaserJet CP2025"}}, {"model": "ticketsapp.subproblem", "pk": 36, "fields": {"mainproblem": 5, "subproblemname": "\u041a\u0430\u0440\u0442\u0440\u0438\u0434\u0436 Epson Stylus Photo R2880 A3"}}, {"model": "ticketsapp.subproblem", "pk": 37, "fields": {"mainproblem": 5, "subproblemname": "\u041a\u0430\u0440\u0442\u0440\u0438\u0434\u0436 LaserJet CP5200"}}, {"model": "ticketsapp.subproblem", "pk": 38, "fields": {"mainproblem": 5, "subproblemname": "\u041a\u0430\u0440\u0442\u0440\u0438\u0434\u0436 LaserJet M1120"}}, {"model": "ticketsapp.subproblem", "pk": 39, "fields": {"mainproblem": 5, "subproblemname": "\u041a\u0430\u0440\u0442\u0440\u0438\u0434\u0436 LaserJet M2727"}}, {"model": "ticketsapp.subproblem", "pk": 40, "fields": {"mainproblem": 5, "subproblemname": "\u041a\u0430\u0440\u0442\u0440\u0438\u0434\u0436 LaserJet M2035"}}, {"model": "ticketsapp.subproblem", "pk": 41, "fields": {"mainproblem": 5, "subproblemname": "\u041a\u0430\u0440\u0442\u0440\u0438\u0434\u0436 Xerox WC 5740"}}, {"model": "ticketsapp.subproblem", "pk": 42, "fields": {"mainproblem": 5, "subproblemname": "\u041a\u0430\u0440\u0442\u0440\u0438\u0434\u0436 Xerox WC 3210/3220"}}, {"model": "ticketsapp.subproblem", "pk": 43, "fields": {"mainproblem": 5, "subproblemname": "\u041a\u0430\u0440\u0442\u0440\u0438\u0434\u0436 Xerox WC 5775"}}, {"model": "ticketsapp.subproblem", "pk": 44, "fields": {"mainproblem": 5, "subproblemname": "\u041a\u0430\u0440\u0442\u0440\u0438\u0434\u0436  \u0434\u043b\u044f \u041c\u0424\u0423 Samsung SCX-6555N"}}, {"model": "ticketsapp.subproblem", "pk": 45, "fields": {"mainproblem": 5, "subproblemname": "\u041a\u0430\u0440\u0442\u0440\u0438\u0434\u0436 \u0434\u043b\u044f \u043f\u0440\u0438\u043d\u0442\u0435\u0440\u0430 Samsung SCX-6555N"}}, {"model": "ticketsapp.subproblem", "pk": 46, "fields": {"mainproblem": 5, "subproblemname": "\u0422\u043e\u043d\u0435\u0440 \u0434\u043b\u044f \u043f\u0440\u0438\u043d\u0442\u0435\u0440\u0430 Kyocera FS-4300DN"}}, {"model": "ticketsapp.subproblem", "pk": 47, "fields": {"mainproblem": 5, "subproblemname": "\u0422\u043e\u043d\u0435\u0440 \u0434\u043b\u044f \u043f\u0440\u0438\u043d\u0442\u0435\u0440\u0430 Ricoh Aficio SP 5200DN"}}, {"model": "ticketsapp.subproblem", "pk": 48, "fields": {"mainproblem": 5, "subproblemname": "\u0422\u043e\u043d\u0435\u0440 \u043a \u041c\u0424\u0423 Sharp AR5618N"}}, {"model": "ticketsapp.subproblem", "pk": 49, "fields": {"mainproblem": 5, "subproblemname": "\u0422\u043e\u043d\u0435\u0440 \u043a \u0444\u0430\u043a\u0441\u0443 Panasonic KX-FL423RU-B"}}, {"model": "ticketsapp.subproblem", "pk": 50, "fields": {"mainproblem": 5, "subproblemname": "\u041a\u0430\u0440\u0442\u0440\u0438\u0434\u0436 Xerox WC 3615"}}, {"model": "auth.permission", "pk": 1, "fields": {"name": "Can add log entry", "content_type": 1, "codename": "add_logentry"}}, {"model": "auth.permission", "pk": 2, "fields": {"name": "Can change log entry", "content_type": 1, "codename": "change_logentry"}}, {"model": "auth.permission", "pk": 3, "fields": {"name": "Can delete log entry", "content_type": 1, "codename": "delete_logentry"}}, {"model": "auth.permission", "pk": 4, "fields": {"name": "Can add permission", "content_type": 2, "codename": "add_permission"}}, {"model": "auth.permission", "pk": 5, "fields": {"name": "Can change permission", "content_type": 2, "codename": "change_permission"}}, {"model": "auth.permission", "pk": 6, "fields": {"name": "Can delete permission", "content_type": 2, "codename": "delete_permission"}}, {"model": "auth.permission", "pk": 7, "fields": {"name": "Can add group", "content_type": 3, "codename": "add_group"}}, {"model": "auth.permission", "pk": 8, "fields": {"name": "Can change group", "content_type": 3, "codename": "change_group"}}, {"model": "auth.permission", "pk": 9, "fields": {"name": "Can delete group", "content_type": 3, "codename": "delete_group"}}, {"model": "auth.permission", "pk": 10, "fields": {"name": "Can add user", "content_type": 4, "codename": "add_user"}}, {"model": "auth.permission", "pk": 11, "fields": {"name": "Can change user", "content_type": 4, "codename": "change_user"}}, {"model": "auth.permission", "pk": 12, "fields": {"name": "Can delete user", "content_type": 4, "codename": "delete_user"}}, {"model": "auth.permission", "pk": 13, "fields": {"name": "Can add content type", "content_type": 5, "codename": "add_contenttype"}}, {"model": "auth.permission", "pk": 14, "fields": {"name": "Can change content type", "content_type": 5, "codename": "change_contenttype"}}, {"model": "auth.permission", "pk": 15, "fields": {"name": "Can delete content type", "content_type": 5, "codename": "delete_contenttype"}}, {"model": "auth.permission", "pk": 16, "fields": {"name": "Can add session", "content_type": 6, "codename": "add_session"}}, {"model": "auth.permission", "pk": 17, "fields": {"name": "Can change session", "content_type": 6, "codename": "change_session"}}, {"model": "auth.permission", "pk": 18, "fields": {"name": "Can delete session", "content_type": 6, "codename": "delete_session"}}, {"model": "auth.permission", "pk": 19, "fields": {"name": "Can add \u0422\u0435\u0445\u043d\u0438\u043a\u0430", "content_type": 7, "codename": "add_technic"}}, {"model": "auth.permission", "pk": 20, "fields": {"name": "Can change \u0422\u0435\u0445\u043d\u0438\u043a\u0430", "content_type": 7, "codename": "change_technic"}}, {"model": "auth.permission", "pk": 21, "fields": {"name": "Can delete \u0422\u0435\u0445\u043d\u0438\u043a\u0430", "content_type": 7, "codename": "delete_technic"}}, {"model": "auth.permission", "pk": 22, "fields": {"name": "Can add \u0414\u0435\u043f\u0430\u0440\u0442\u0430\u043c\u0435\u043d\u0442", "content_type": 8, "codename": "add_department"}}, {"model": "auth.permission", "pk": 23, "fields": {"name": "Can change \u0414\u0435\u043f\u0430\u0440\u0442\u0430\u043c\u0435\u043d\u0442", "content_type": 8, "codename": "change_department"}}, {"model": "auth.permission", "pk": 24, "fields": {"name": "Can delete \u0414\u0435\u043f\u0430\u0440\u0442\u0430\u043c\u0435\u043d\u0442", "content_type": 8, "codename": "delete_department"}}, {"model": "auth.permission", "pk": 25, "fields": {"name": "Can add \u041e\u0442\u0434\u0435\u043b", "content_type": 9, "codename": "add_subdevision"}}, {"model": "auth.permission", "pk": 26, "fields": {"name": "Can change \u041e\u0442\u0434\u0435\u043b", "content_type": 9, "codename": "change_subdevision"}}, {"model": "auth.permission", "pk": 27, "fields": {"name": "Can delete \u041e\u0442\u0434\u0435\u043b", "content_type": 9, "codename": "delete_subdevision"}}, {"model": "auth.permission", "pk": 28, "fields": {"name": "Can add \u041d\u043e\u0432\u043e\u0441\u0442\u044c", "content_type": 10, "codename": "add_news"}}, {"model": "auth.permission", "pk": 29, "fields": {"name": "Can change \u041d\u043e\u0432\u043e\u0441\u0442\u044c", "content_type": 10, "codename": "change_news"}}, {"model": "auth.permission", "pk": 30, "fields": {"name": "Can delete \u041d\u043e\u0432\u043e\u0441\u0442\u044c", "content_type": 10, "codename": "delete_news"}}, {"model": "auth.permission", "pk": 31, "fields": {"name": "Can add \u0421\u043e\u0442\u0440\u0443\u0434\u043d\u0438\u043a", "content_type": 11, "codename": "add_employee"}}, {"model": "auth.permission", "pk": 32, "fields": {"name": "Can change \u0421\u043e\u0442\u0440\u0443\u0434\u043d\u0438\u043a", "content_type": 11, "codename": "change_employee"}}, {"model": "auth.permission", "pk": 33, "fields": {"name": "Can delete \u0421\u043e\u0442\u0440\u0443\u0434\u043d\u0438\u043a", "content_type": 11, "codename": "delete_employee"}}, {"model": "auth.permission", "pk": 34, "fields": {"name": "Can add \u0414\u043e\u043b\u0436\u043d\u043e\u0441\u0442\u044c", "content_type": 12, "codename": "add_post"}}, {"model": "auth.permission", "pk": 35, "fields": {"name": "Can change \u0414\u043e\u043b\u0436\u043d\u043e\u0441\u0442\u044c", "content_type": 12, "codename": "change_post"}}, {"model": "auth.permission", "pk": 36, "fields": {"name": "Can delete \u0414\u043e\u043b\u0436\u043d\u043e\u0441\u0442\u044c", "content_type": 12, "codename": "delete_post"}}, {"model": "auth.permission", "pk": 37, "fields": {"name": "Can add \u0421\u0435\u0440\u0432\u0435\u0440", "content_type": 13, "codename": "add_server"}}, {"model": "auth.permission", "pk": 38, "fields": {"name": "Can change \u0421\u0435\u0440\u0432\u0435\u0440", "content_type": 13, "codename": "change_server"}}, {"model": "auth.permission", "pk": 39, "fields": {"name": "Can delete \u0421\u0435\u0440\u0432\u0435\u0440", "content_type": 13, "codename": "delete_server"}}, {"model": "auth.permission", "pk": 40, "fields": {"name": "Can add Computer", "content_type": 14, "codename": "add_computer"}}, {"model": "auth.permission", "pk": 41, "fields": {"name": "Can change Computer", "content_type": 14, "codename": "change_computer"}}, {"model": "auth.permission", "pk": 42, "fields": {"name": "Can delete Computer", "content_type": 14, "codename": "delete_computer"}}, {"model": "auth.permission", "pk": 43, "fields": {"name": "Can add ComputerModel", "content_type": 15, "codename": "add_computermodel"}}, {"model": "auth.permission", "pk": 44, "fields": {"name": "Can change ComputerModel", "content_type": 15, "codename": "change_computermodel"}}, {"model": "auth.permission", "pk": 45, "fields": {"name": "Can delete ComputerModel", "content_type": 15, "codename": "delete_computermodel"}}, {"model": "auth.permission", "pk": 46, "fields": {"name": "Can add main problem", "content_type": 16, "codename": "add_mainproblem"}}, {"model": "auth.permission", "pk": 47, "fields": {"name": "Can change main problem", "content_type": 16, "codename": "change_mainproblem"}}, {"model": "auth.permission", "pk": 48, "fields": {"name": "Can delete main problem", "content_type": 16, "codename": "delete_mainproblem"}}, {"model": "auth.permission", "pk": 49, "fields": {"name": "Can add sub problem", "content_type": 17, "codename": "add_subproblem"}}, {"model": "auth.permission", "pk": 50, "fields": {"name": "Can change sub problem", "content_type": 17, "codename": "change_subproblem"}}, {"model": "auth.permission", "pk": 51, "fields": {"name": "Can delete sub problem", "content_type": 17, "codename": "delete_subproblem"}}, {"model": "auth.permission", "pk": 52, "fields": {"name": "Can add \u0417\u0430\u044f\u0432\u043a\u0430", "content_type": 18, "codename": "add_ticket"}}, {"model": "auth.permission", "pk": 53, "fields": {"name": "Can change \u0417\u0430\u044f\u0432\u043a\u0430", "content_type": 18, "codename": "change_ticket"}}, {"model": "auth.permission", "pk": 54, "fields": {"name": "Can delete \u0417\u0430\u044f\u0432\u043a\u0430", "content_type": 18, "codename": "delete_ticket"}}, {"model": "auth.user", "pk": 1, "fields": {"password": "pbkdf2_sha256$36000$leoGJVyDhT8s$u4dBqbOegDWXxAzH2JpkG1l0TayIDqWCONhEUxeki08=", "last_login": "2018-11-30T12:08:12.571Z", "is_superuser": true, "username": "admin", "first_name": "", "last_name": "", "email": "", "is_staff": true, "is_active": true, "date_joined": "2018-11-30T11:21:14.221Z", "groups": [], "user_permissions": []}}, {"model": "employeesapp.employee", "pk": 1, "fields": {"user": 1, "fio": "admin", "birthdate": null, "telephonenum": "", "telephonenum2": "", "location": "", "department": 8, "subdevision": 3, "post": 4, "img": ""}}, {"model": "admin.logentry", "pk": 1, "fields": {"action_time": "2018-11-30T11:23:56.584Z", "user": 1, "content_type": 8, "object_id": "1", "object_repr": "\u041e\u0440\u0433\u0430\u043d\u0438\u0437\u0430\u0446\u0438\u043e\u043d\u043d\u043e-\u043f\u043b\u0430\u043d\u043e\u0432\u043e\u0435 \u0443\u043f\u0440\u0430\u0432\u043b\u0435\u043d\u0438\u0435", "action_flag": 1, "change_message": "[{\"added\": {}}]"}}, {"model": "admin.logentry", "pk": 2, "fields": {"action_time": "2018-11-30T11:24:26.230Z", "user": 1, "content_type": 8, "object_id": "2", "object_repr": "\u0423\u043f\u0440\u0430\u0432\u043b\u0435\u043d\u0438\u0435 (\u043f\u043b\u0430\u043d\u0438\u0440\u043e\u0432\u0430\u043d\u0438\u044f \u0438 \u043c\u0435\u0442\u043e\u0434\u043e\u043b\u043e\u0433\u0438\u0438 \u0437\u0430\u043a\u0443\u043f\u043e\u043a)", "action_flag": 1, "change_message": "[{\"added\": {}}]"}}, {"model": "admin.logentry", "pk": 3, "fields": {"action_time": "2018-11-30T11:24:46.554Z", "user": 1, "content_type": 8, "object_id": "3", "object_repr": "\u0423\u043f\u0440\u0430\u0432\u043b\u0435\u043d\u0438\u0435 (\u043c\u043e\u043d\u0438\u0442\u043e\u0440\u0438\u043d\u0433\u0430, \u0430\u043d\u0430\u043b\u0438\u0437\u0430 \u0438 \u0443\u0447\u0435\u0442\u0430 \u0437\u0430\u043a\u0443\u043f\u043e\u043a)", "action_flag": 1, "change_message": "[{\"added\": {}}]"}}, {"model": "admin.logentry", "pk": 4, "fields": {"action_time": "2018-11-30T11:25:03.908Z", "user": 1, "content_type": 8, "object_id": "4", "object_repr": "\u0423\u043f\u0440\u0430\u0432\u043b\u0435\u043d\u0438\u0435 (\u043f\u0440\u043e\u0432\u0435\u0434\u0435\u043d\u0438\u044f \u043a\u043e\u043d\u043a\u0443\u0440\u0435\u043d\u0442\u043d\u044b\u0445 \u043f\u0440\u043e\u0446\u0435\u0434\u0443\u0440)", "action_flag": 1, "change_message": "[{\"added\": {}}]"}}, {"model": "admin.logentry", "pk": 5, "fields": {"action_time": "2018-11-30T11:25:21.075Z", "user": 1, "content_type": 8, "object_id": "5", "object_repr": "\u0423\u043f\u0440\u0430\u0432\u043b\u0435\u043d\u0438\u0435 (\u0433\u043e\u0441\u0443\u0434\u0430\u0440\u0441\u0442\u0432\u0435\u043d\u043d\u043e\u0433\u043e \u043e\u0431\u043e\u0440\u043e\u043d\u043d\u043e\u0433\u043e \u0437\u0430\u043a\u0430\u0437\u0430)", "action_flag": 1, "change_message": "[{\"added\": {}}]"}}, {"model": "admin.logentry", "pk": 6, "fields": {"action_time": "2018-11-30T11:25:37.596Z", "user": 1, "content_type": 8, "object_id": "6", "object_repr": "\u0423\u043f\u0440\u0430\u0432\u043b\u0435\u043d\u0438\u0435 (\u0433\u043e\u0441\u0443\u0434\u0430\u0440\u0441\u0442\u0432\u0435\u043d\u043d\u043e\u0433\u043e \u0437\u0430\u043a\u0430\u0437\u0430)", "action_flag": 1, "change_message": "[{\"added\": {}}]"}}, {"model": "admin.logentry", "pk": 7, "fields": {"action_time": "2018-11-30T11:26:04.495Z", "user": 1, "content_type": 8, "object_id": "7", "object_repr": "\u0423\u043f\u0440\u0430\u0432\u043b\u0435\u043d\u0438\u0435 (\u0437\u0430\u043a\u043b\u044e\u0447\u0435\u043d\u0438\u044f \u0433\u043e\u0441\u0443\u0434\u0430\u0440\u0441\u0442\u0432\u0435\u043d\u043d\u044b\u0445 \u043a\u043e\u043d\u0442\u0440\u0430\u043a\u0442\u043e\u0432)", "action_flag": 1, "change_message": "[{\"added\": {}}]"}}, {"model": "admin.logentry", "pk": 8, "fields": {"action_time": "2018-11-30T11:27:28.049Z", "user": 1, "content_type": 9, "object_id": "1", "object_repr": "\u041e\u0440\u0433\u0430\u043d\u0438\u0437\u0430\u0446\u0438\u043e\u043d\u043d\u043e-\u043f\u043b\u0430\u043d\u043e\u0432\u044b\u0439 \u043e\u0442\u0434\u0435\u043b", "action_flag": 1, "change_message": "[{\"added\": {}}]"}}, {"model": "admin.logentry", "pk": 9, "fields": {"action_time": "2018-11-30T11:34:04.598Z", "user": 1, "content_type": 9, "object_id": "2", "object_repr": "\u043e\u0442\u0434\u0435\u043b (\u043e\u0440\u0433\u0430\u043d\u0438\u0437\u0430\u0446\u0438\u043e\u043d\u043d\u043e-\u0443\u0447\u0435\u0442\u043d\u044b\u0439)", "action_flag": 1, "change_message": "[{\"added\": {}}]"}}, {"model": "admin.logentry", "pk": 10, "fields": {"action_time": "2018-11-30T11:34:31.541Z", "user": 1, "content_type": 9, "object_id": "3", "object_repr": "\u041e\u0442\u0434\u0435\u043b (\u0438\u043d\u0444\u043e\u0440\u043c\u0430\u0446\u0438\u043e\u043d\u043d\u043e-\u0442\u0435\u0445\u043d\u0438\u0447\u0435\u0441\u043a\u043e\u0433\u043e \u043e\u0431\u0435\u0441\u043f\u0435\u0447\u0435\u043d\u0438\u044f)", "action_flag": 1, "change_message": "[{\"added\": {}}]"}}, {"model": "admin.logentry", "pk": 11, "fields": {"action_time": "2018-11-30T11:34:55.612Z", "user": 1, "content_type": 9, "object_id": "4", "object_repr": "\u041e\u0442\u0434\u0435\u043b (\u0434\u043e\u043a\u0443\u043c\u0435\u043d\u0442\u0430\u0446\u0438\u043e\u043d\u043d\u043e\u0433\u043e \u043e\u0431\u0435\u0441\u043f\u0435\u0447\u0435\u043d\u0438\u044f)", "action_flag": 1, "change_message": "[{\"added\": {}}]"}}, {"model": "admin.logentry", "pk": 12, "fields": {"action_time": "2018-11-30T11:35:16.612Z", "user": 1, "content_type": 9, "object_id": "5", "object_repr": "\u0420\u0435\u0436\u0438\u043c\u043d\u043e-\u0441\u0435\u043a\u0440\u0435\u0442\u043d\u044b\u0439 \u043e\u0442\u0434\u0435\u043b", "action_flag": 1, "change_message": "[{\"added\": {}}]"}}, {"model": "admin.logentry", "pk": 13, "fields": {"action_time": "2018-11-30T11:35:33.195Z", "user": 1, "content_type": 9, "object_id": "6", "object_repr": "\u041e\u0442\u0434\u0435\u043b (\u043f\u043b\u0430\u043d\u0438\u0440\u043e\u0432\u0430\u043d\u0438\u044f \u0437\u0430\u043a\u0443\u043f\u043e\u043a)", "action_flag": 1, "change_message": "[{\"added\": {}}]"}}, {"model": "admin.logentry", "pk": 14, "fields": {"action_time": "2018-11-30T11:35:45.986Z", "user": 1, "content_type": 9, "object_id": "7", "object_repr": "\u041e\u0442\u0434\u0435\u043b (\u043c\u0435\u0442\u043e\u0434\u043e\u043b\u043e\u0433\u0438\u0438 \u0437\u0430\u043a\u0443\u043f\u043e\u043a)", "action_flag": 1, "change_message": "[{\"added\": {}}]"}}, {"model": "admin.logentry", "pk": 15, "fields": {"action_time": "2018-11-30T11:36:12.685Z", "user": 1, "content_type": 9, "object_id": "8", "object_repr": "\u041e\u0442\u0434\u0435\u043b (\u0430\u043d\u0430\u043b\u0438\u0437\u0430, \u0443\u0447\u0435\u0442\u0430 \u0438 \u043e\u0442\u0447\u0435\u0442\u043d\u043e\u0441\u0442\u0438)", "action_flag": 1, "change_message": "[{\"added\": {}}]"}}, {"model": "admin.logentry", "pk": 16, "fields": {"action_time": "2018-11-30T11:36:54.157Z", "user": 1, "content_type": 9, "object_id": "9", "object_repr": "\u041e\u0442\u0434\u0435\u043b (\u043c\u043e\u043d\u0438\u0442\u043e\u0440\u0438\u043d\u0433\u0430 \u0437\u0430\u043a\u0443\u043f\u043e\u043a \u0442\u043e\u0432\u0430\u0440\u043e\u0432, \u0440\u0430\u0431\u043e\u0442, \u0443\u0441\u043b\u0443\u0433 \u0433", "action_flag": 1, "change_message": "[{\"added\": {}}]"}}, {"model": "admin.logentry", "pk": 17, "fields": {"action_time": "2018-11-30T11:39:20.207Z", "user": 1, "content_type": 9, "object_id": "9", "object_repr": "\u041e\u0442\u0434\u0435\u043b (\u043c\u043e\u043d\u0438\u0442\u043e\u0440\u0438\u043d\u0433\u0430 \u0437\u0430\u043a\u0443\u043f\u043e\u043a \u0442\u043e\u0432\u0430\u0440\u043e\u0432, \u0440\u0430\u0431\u043e\u0442, \u0443\u0441\u043b\u0443\u0433 \u0433\u043e\u0441\u0443\u0434\u0430\u0440\u0441\u0442\u0432\u0435\u043d\u043d\u043e\u0433\u043e \u043e\u0431\u043e\u0440\u043e\u043d\u043d\u043e\u0433\u043e \u0437\u0430\u043a\u0430\u0437\u0430)", "action_flag": 2, "change_message": "[{\"changed\": {\"fields\": [\"subdevisionname\"]}}]"}}, {"model": "admin.logentry", "pk": 18, "fields": {"action_time": "2018-11-30T11:39:50.432Z", "user": 1, "content_type": 9, "object_id": "10", "object_repr": "\u041e\u0442\u0434\u0435\u043b (\u043c\u043e\u043d\u0438\u0442\u043e\u0440\u0438\u043d\u0433\u0430 \u0437\u0430\u043a\u0443\u043f\u043e\u043a \u0442\u043e\u0432\u0430\u0440\u043e\u0432, \u0440\u0430\u0431\u043e\u0442, \u0443\u0441\u043b\u0443\u0433 \u0433\u043e\u0441\u0443\u0434\u0430\u0440\u0441\u0442\u0432\u0435\u043d\u043d\u043e\u0433\u043e \u0437\u0430\u043a\u0430\u0437\u0430)", "action_flag": 1, "change_message": "[{\"added\": {}}]"}}, {"model": "admin.logentry", "pk": 19, "fields": {"action_time": "2018-11-30T11:40:42.126Z", "user": 1, "content_type": 9, "object_id": "11", "object_repr": "\u041e\u0442\u0434\u0435\u043b (\u043f\u0440\u043e\u0432\u0435\u0434\u0435\u043d\u0438\u044f \u043a\u043e\u043d\u043a\u0443\u0440\u0435\u043d\u0442\u043d\u044b\u0445 \u043f\u0440\u043e\u0446\u0435\u0434\u0443\u0440 \u043f\u043e \u0433\u043e\u0441\u0443\u0434\u0430\u0440\u0441\u0442\u0432\u0435\u043d\u043d\u043e\u043c\u0443 \u043e\u0431\u043e\u0440\u043e\u043d\u043d\u043e\u043c\u0443 \u0437\u0430\u043a\u0430\u0437\u0443)", "action_flag": 1, "change_message": "[{\"added\": {}}]"}}, {"model": "admin.logentry", "pk": 20, "fields": {"action_time": "2018-11-30T11:41:03.324Z", "user": 1, "content_type": 9, "object_id": "12", "object_repr": "\u041e\u0442\u0434\u0435\u043b (\u043f\u0440\u043e\u0432\u0435\u0434\u0435\u043d\u0438\u044f \u043a\u043e\u043d\u043a\u0443\u0440\u0435\u043d\u0442\u043d\u044b\u0445 \u043f\u0440\u043e\u0446\u0435\u0434\u0443\u0440 \u043f\u043e \u0433\u043e\u0441\u0443\u0434\u0430\u0440\u0441\u0442\u0432\u0435\u043d\u043d\u043e\u043c\u0443 \u0437\u0430\u043a\u0430\u0437\u0443)", "action_flag": 1, "change_message": "[{\"added\": {}}]"}}, {"model": "admin.logentry", "pk": 21, "fields": {"action_time": "2018-11-30T11:41:22.151Z", "user": 1, "content_type": 9, "object_id": "13", "object_repr": "\u041e\u0442\u0434\u0435\u043b (\u043e\u0431\u0435\u0441\u043f\u0435\u0447\u0435\u043d\u0438\u044f \u043f\u0440\u043e\u0432\u0435\u0434\u0435\u043d\u0438\u044f \u043a\u043e\u043d\u043a\u0443\u0440\u0435\u043d\u0442\u043d\u044b\u0445 \u043f\u0440\u043e\u0446\u0435\u0434\u0443\u0440)", "action_flag": 1, "change_message": "[{\"added\": {}}]"}}, {"model": "admin.logentry", "pk": 22, "fields": {"action_time": "2018-11-30T11:41:39.136Z", "user": 1, "content_type": 9, "object_id": "14", "object_repr": "\u041e\u0442\u0434\u0435\u043b (\u043f\u0440\u043e\u0432\u0435\u0440\u043a\u0438 \u0443\u0447\u0430\u0441\u0442\u043d\u0438\u043a\u043e\u0432 \u0437\u0430\u043a\u0443\u043f\u043e\u043a)", "action_flag": 1, "change_message": "[{\"added\": {}}]"}}, {"model": "admin.logentry", "pk": 23, "fields": {"action_time": "2018-11-30T11:42:03.556Z", "user": 1, "content_type": 9, "object_id": "15", "object_repr": "\u041e\u0442\u0434\u0435\u043b (\u043f\u043e\u0434\u0433\u043e\u0442\u043e\u0432\u043a\u0438 \u0434\u043e\u043a\u0443\u043c\u0435\u043d\u0442\u0430\u0446\u0438\u0438 \u0437\u0430\u043a\u0443\u043f\u043e\u043a \u0412\u0412\u0421\u0422)", "action_flag": 1, "change_message": "[{\"added\": {}}]"}}, {"model": "admin.logentry", "pk": 24, "fields": {"action_time": "2018-11-30T11:43:00.818Z", "user": 1, "content_type": 9, "object_id": "16", "object_repr": "\u041e\u0442\u0434\u0435\u043b (\u043f\u043e\u0434\u0433\u043e\u0442\u043e\u0432\u043a\u0438 \u0434\u043e\u043a\u0443\u043c\u0435\u043d\u0442\u0430\u0446\u0438\u0438 \u0437\u0430\u043a\u0443\u043f\u043e\u043a \u041d\u0418\u041e\u041a\u0420)", "action_flag": 1, "change_message": "[{\"added\": {}}]"}}, {"model": "admin.logentry", "pk": 25, "fields": {"action_time": "2018-11-30T11:43:38.377Z", "user": 1, "content_type": 9, "object_id": "17", "object_repr": "\u041e\u0442\u0434\u0435\u043b (\u043f\u043e\u0434\u0433\u043e\u0442\u043e\u0432\u043a\u0438 \u0434\u043e\u043a\u0443\u043c\u0435\u043d\u0442\u0430\u0446\u0438\u0438 \u0437\u0430\u043a\u0443\u043f\u043e\u043a \u043c\u0430\u0442\u0435\u0440\u0438\u0430\u043b\u044c\u043d\u044b\u0445 \u0438 \u0442\u0435\u0445\u043d\u0438\u0447\u0435\u0441\u043a\u0438\u0445 \u0441\u0440\u0435\u0434\u0441\u0442\u0432)", "action_flag": 1, "change_message": "[{\"added\": {}}]"}}, {"model": "admin.logentry", "pk": 26, "fields": {"action_time": "2018-11-30T11:44:37.823Z", "user": 1, "content_type": 9, "object_id": "18", "object_repr": "\u041e\u0442\u0434\u0435\u043b (\u043f\u043e\u0434\u0433\u043e\u0442\u043e\u0432\u043a\u0438 \u0434\u043e\u043a\u0443\u043c\u0435\u043d\u0442\u0430\u0446\u0438\u0438 \u0437\u0430\u043a\u0443\u043f\u043e\u043a \u043c\u0430\u0442\u0435\u0440\u0438\u0430\u043b\u044c\u043d\u044b\u0445 \u0438 \u0442\u0435\u0445\u043d\u0438\u0447\u0435\u0441\u043a\u0438\u0445 \u0441\u0440\u0435\u0434\u0441\u0442\u0432)", "action_flag": 1, "change_message": "[{\"added\": {}}]"}}, {"model": "admin.logentry", "pk": 27, "fields": {"action_time": "2018-11-30T11:45:14.615Z", "user": 1, "content_type": 9, "object_id": "19", "object_repr": "\u041e\u0442\u0434\u0435\u043b (\u043f\u043e\u0434\u0433\u043e\u0442\u043e\u0432\u043a\u0438 \u0434\u043e\u043a\u0443\u043c\u0435\u043d\u0442\u0430\u0446\u0438\u0438 \u0437\u0430\u043a\u0443\u043f\u043e\u043a \u0440\u0430\u0431\u043e\u0442 \u0438 \u0443\u0441\u043b\u0443\u0433)", "action_flag": 1, "change_message": "[{\"added\": {}}]"}}, {"model": "admin.logentry", "pk": 28, "fields": {"action_time": "2018-11-30T11:45:42.561Z", "user": 1, "content_type": 9, "object_id": "20", "object_repr": "\u041e\u0442\u0434\u0435\u043b (\u043f\u043e\u0434\u0433\u043e\u0442\u043e\u0432\u043a\u0438 \u0434\u043e\u043a\u0443\u043c\u0435\u043d\u0442\u0430\u0446\u0438\u0438 \u0437\u0430\u043a\u0443\u043f\u043e\u043a \u0442\u043e\u0432\u0430\u0440\u043e\u0432)", "action_flag": 1, "change_message": "[{\"added\": {}}]"}}, {"model": "admin.logentry", "pk": 29, "fields": {"action_time": "2018-11-30T11:46:47.600Z", "user": 1, "content_type": 9, "object_id": "21", "object_repr": "\u041e\u0442\u0434\u0435\u043b (\u0437\u0430\u043a\u043b\u044e\u0447\u0435\u043d\u0438\u044f \u0433\u043e\u0441\u0443\u0434\u0430\u0440\u0441\u0442\u0432\u0435\u043d\u043d\u044b\u0445 \u043a\u043e\u043d\u0442\u0440\u0430\u043a\u0442\u043e\u0432 \u043f\u043e \u043d\u043e\u043c\u0435\u043d\u043a\u043b\u0430\u0442\u0443\u0440\u0435 \u0433\u043e\u0441\u0443\u0434\u0430\u0440\u0441\u0442\u0432\u0435\u043d\u043d\u043e\u0433\u043e \u043e\u0431\u043e\u0440\u043e\u043d\u043d\u043e\u0433\u043e \u0437\u0430\u043a\u0430\u0437\u0430)", "action_flag": 1, "change_message": "[{\"added\": {}}]"}}, {"model": "admin.logentry", "pk": 30, "fields": {"action_time": "2018-11-30T11:47:28.806Z", "user": 1, "content_type": 9, "object_id": "22", "object_repr": "\u041e\u0442\u0434\u0435\u043b (\u0437\u0430\u043a\u043b\u044e\u0447\u0435\u043d\u0438\u044f \u0433\u043e\u0441\u0443\u0434\u0430\u0440\u0441\u0442\u0432\u0435\u043d\u043d\u044b\u0445 \u043a\u043e\u043d\u0442\u0440\u0430\u043a\u0442\u043e\u0432 \u043f\u043e \u043d\u043e\u043c\u0435\u043d\u043a\u043b\u0430\u0442\u0443\u0440\u0435 \u0433\u043e\u0441\u0443\u0434\u0430\u0440\u0441\u0442\u0432\u0435\u043d\u043d\u043e\u0433\u043e  \u0437\u0430\u043a\u0430\u0437\u0430)", "action_flag": 1, "change_message": "[{\"added\": {}}]"}}, {"model": "admin.logentry", "pk": 31, "fields": {"action_time": "2018-11-30T11:48:02.393Z", "user": 1, "content_type": 9, "object_id": "23", "object_repr": "\u041e\u0442\u0434\u0435\u043b (\u0437\u0430\u043a\u043b\u044e\u0447\u0435\u043d\u0438\u044f \u0434\u043e\u043f\u043e\u043b\u043d\u0438\u0442\u0435\u043b\u044c\u043d\u044b\u0445 \u0441\u043e\u0433\u043b\u0430\u0448\u0435\u043d\u0438\u0439)", "action_flag": 1, "change_message": "[{\"added\": {}}]"}}, {"model": "admin.logentry", "pk": 32, "fields": {"action_time": "2018-11-30T11:48:56.191Z", "user": 1, "content_type": 8, "object_id": "8", "object_repr": "\u043e\u0442\u0441\u0443\u0442\u0441\u0442\u0432\u0443\u0435\u0442", "action_flag": 1, "change_message": "[{\"added\": {}}]"}}, {"model": "admin.logentry", "pk": 33, "fields": {"action_time": "2018-11-30T11:49:22.936Z", "user": 1, "content_type": 9, "object_id": "24", "object_repr": "\u041e\u0442\u0434\u0435\u043b (\u044e\u0440\u0438\u0434\u0438\u0447\u0435\u0441\u043a\u043e\u0433\u043e \u0441\u043e\u043f\u0440\u043e\u0432\u043e\u0436\u0434\u0435\u043d\u0438\u044f \u0437\u0430\u043a\u0443\u043f\u043e\u043a)", "action_flag": 1, "change_message": "[{\"added\": {}}]"}}, {"model": "admin.logentry", "pk": 34, "fields": {"action_time": "2018-11-30T11:54:11.502Z", "user": 1, "content_type": 12, "object_id": "1", "object_repr": "\u0420\u0443\u043a\u043e\u0432\u043e\u0434\u0438\u0442\u0435\u043b\u044c \u0414\u0435\u043f\u0430\u0440\u0442\u0430\u043c\u0435\u043d\u0442\u0430", "action_flag": 1, "change_message": "[{\"added\": {}}]"}}, {"model": "admin.logentry", "pk": 35, "fields": {"action_time": "2018-11-30T11:54:33.541Z", "user": 1, "content_type": 12, "object_id": "2", "object_repr": "\u0417\u0430\u043c\u0435\u0441\u0442\u0438\u0442\u0435\u043b\u044c \u0440\u0443\u043a\u043e\u0432\u043e\u0434\u0438\u0442\u0435\u043b\u044f", "action_flag": 1, "change_message": "[{\"added\": {}}]"}}, {"model": "admin.logentry", "pk": 36, "fields": {"action_time": "2018-11-30T11:54:41.160Z", "user": 1, "content_type": 12, "object_id": "3", "object_repr": "\u0421\u043f\u0435\u0446\u0438\u0430\u043b\u0438\u0441\u0442", "action_flag": 1, "change_message": "[{\"added\": {}}]"}}, {"model": "admin.logentry", "pk": 37, "fields": {"action_time": "2018-11-30T11:54:53.309Z", "user": 1, "content_type": 12, "object_id": "4", "object_repr": "\u0413\u043b\u0430\u0432\u043d\u044b\u0439 \u0441\u043f\u0435\u0446\u0438\u0430\u043b\u0438\u0441\u0442-\u044d\u043a\u0441\u043f\u0435\u0440\u0442", "action_flag": 1, "change_message": "[{\"added\": {}}]"}}, {"model": "admin.logentry", "pk": 38, "fields": {"action_time": "2018-11-30T11:55:00.989Z", "user": 1, "content_type": 12, "object_id": "5", "object_repr": "\u0412\u0435\u0434\u0443\u0449\u0438\u0439 \u0441\u043f\u0435\u0446\u0438\u0430\u043b\u0438\u0441\u0442-\u044d\u043a\u0441\u043f\u0435\u0440\u0442", "action_flag": 1, "change_message": "[{\"added\": {}}]"}}, {"model": "admin.logentry", "pk": 39, "fields": {"action_time": "2018-11-30T11:55:27.536Z", "user": 1, "content_type": 12, "object_id": "6", "object_repr": "\u0412\u0435\u0434\u0443\u0449\u0438\u0439 \u0441\u043f\u0435\u0446\u0438\u0430\u043b\u0438\u0441\u0442", "action_flag": 1, "change_message": "[{\"added\": {}}]"}}, {"model": "admin.logentry", "pk": 40, "fields": {"action_time": "2018-11-30T11:55:36.628Z", "user": 1, "content_type": 12, "object_id": "7", "object_repr": "\u0413\u043b\u0430\u0432\u043d\u044b\u0439 \u0441\u043f\u0435\u0446\u0438\u0430\u043b\u0438\u0441\u0442", "action_flag": 1, "change_message": "[{\"added\": {}}]"}}, {"model": "admin.logentry", "pk": 41, "fields": {"action_time": "2018-11-30T11:55:50.296Z", "user": 1, "content_type": 12, "object_id": "8", "object_repr": "\u041a\u043e\u043d\u0441\u0443\u043b\u044c\u0442\u0430\u043d\u0442", "action_flag": 1, "change_message": "[{\"added\": {}}]"}}, {"model": "admin.logentry", "pk": 42, "fields": {"action_time": "2018-11-30T11:56:12.327Z", "user": 1, "content_type": 12, "object_id": "9", "object_repr": "\u0412\u0435\u0434\u0443\u0449\u0438\u0439 \u043a\u043e\u043d\u0441\u0443\u043b\u044c\u0442\u0430\u043d\u0442", "action_flag": 1, "change_message": "[{\"added\": {}}]"}}, {"model": "admin.logentry", "pk": 43, "fields": {"action_time": "2018-11-30T11:57:27.308Z", "user": 1, "content_type": 12, "object_id": "3", "object_repr": "\u0421\u043f\u0435\u0446\u0438\u0430\u043b\u0438\u0441\u0442 1 \u0440\u0430\u0437\u0440\u044f\u0434\u0430", "action_flag": 2, "change_message": "[{\"changed\": {\"fields\": [\"postname\"]}}]"}}, {"model": "admin.logentry", "pk": 44, "fields": {"action_time": "2018-11-30T11:57:37.020Z", "user": 1, "content_type": 12, "object_id": "1", "object_repr": "\u0420\u0443\u043a\u043e\u0432\u043e\u0434\u0438\u0442\u0435\u043b\u044c \u0434\u0435\u043f\u0430\u0440\u0442\u0430\u043c\u0435\u043d\u0442\u0430", "action_flag": 2, "change_message": "[{\"changed\": {\"fields\": [\"postname\"]}}]"}}, {"model": "admin.logentry", "pk": 45, "fields": {"action_time": "2018-11-30T11:58:09.131Z", "user": 1, "content_type": 12, "object_id": "2", "object_repr": "\u0417\u0430\u043c\u0435\u0441\u0442\u0438\u0442\u0435\u043b\u044c \u0440\u0443\u043a\u043e\u0432\u043e\u0434\u0438\u0442\u0435\u043b\u044f \u0434\u0435\u043f\u0430\u0440", "action_flag": 2, "change_message": "[{\"changed\": {\"fields\": [\"postname\"]}}]"}}, {"model": "admin.logentry", "pk": 46, "fields": {"action_time": "2018-11-30T11:59:02.820Z", "user": 1, "content_type": 12, "object_id": "2", "object_repr": "\u0417\u0430\u043c\u0435\u0441\u0442\u0438\u0442\u0435\u043b\u044c \u0440\u0443\u043a\u043e\u0432\u043e\u0434\u0438\u0442\u0435\u043b\u044f \u0434\u0435\u043f\u0430\u0440\u0442\u0430\u043c\u0435\u043d\u0442\u0430", "action_flag": 2, "change_message": "[{\"changed\": {\"fields\": [\"postname\"]}}]"}}, {"model": "admin.logentry", "pk": 47, "fields": {"action_time": "2018-11-30T11:59:57.488Z", "user": 1, "content_type": 12, "object_id": "6", "object_repr": "\u0421\u043e\u0432\u0435\u0442\u043d\u0438\u043a", "action_flag": 2, "change_message": "[{\"changed\": {\"fields\": [\"postname\"]}}]"}}, {"model": "admin.logentry", "pk": 48, "fields": {"action_time": "2018-11-30T12:00:11.959Z", "user": 1, "content_type": 12, "object_id": "7", "object_repr": "\u0412\u0435\u0434\u0443\u0449\u0438\u0439 \u0441\u043e\u0432\u0435\u0442\u043d\u0438\u043a", "action_flag": 2, "change_message": "[{\"changed\": {\"fields\": [\"postname\"]}}]"}}, {"model": "admin.logentry", "pk": 49, "fields": {"action_time": "2018-11-30T12:00:28.490Z", "user": 1, "content_type": 12, "object_id": "10", "object_repr": "\u0417\u0430\u043c\u0435\u0441\u0442\u0438\u0442\u0435\u043b\u044c \u043d\u0430\u0447\u0430\u043b\u044c\u043d\u0438\u043a\u0430 \u043e\u0442\u0434\u0435\u043b\u0430", "action_flag": 1, "change_message": "[{\"added\": {}}]"}}, {"model": "admin.logentry", "pk": 50, "fields": {"action_time": "2018-11-30T12:01:55.012Z", "user": 1, "content_type": 12, "object_id": "11", "object_repr": "\u0420\u0435\u0444\u0435\u0440\u0435\u043d\u0442", "action_flag": 1, "change_message": "[{\"added\": {}}]"}}, {"model": "admin.logentry", "pk": 51, "fields": {"action_time": "2018-11-30T12:02:00.752Z", "user": 1, "content_type": 12, "object_id": "12", "object_repr": "\u041d\u0430\u0447\u0430\u043b\u044c\u043d\u0438\u043a \u043e\u0442\u0434\u0435\u043b\u0430", "action_flag": 1, "change_message": "[{\"added\": {}}]"}}, {"model": "admin.logentry", "pk": 52, "fields": {"action_time": "2018-11-30T12:02:23.361Z", "user": 1, "content_type": 12, "object_id": "13", "object_repr": "\u0417\u0430\u043c\u0435\u0441\u0442\u0438\u0442\u0435\u043b\u044c \u043d\u0430\u0447\u0430\u043b\u044c\u043d\u0438\u043a\u0430 \u0443\u043f\u0440\u0430\u0432\u043b\u0435\u043d\u0438\u044f - \u043d\u0430\u0447\u0430\u043b\u044c\u043d\u0438\u043a \u043e\u0442\u0434\u0435", "action_flag": 1, "change_message": "[{\"added\": {}}]"}}, {"model": "admin.logentry", "pk": 53, "fields": {"action_time": "2018-11-30T12:03:16.482Z", "user": 1, "content_type": 12, "object_id": "13", "object_repr": "\u0417\u0430\u043c\u0435\u0441\u0442\u0438\u0442\u0435\u043b\u044c \u043d\u0430\u0447\u0430\u043b\u044c\u043d\u0438\u043a\u0430 \u0443\u043f\u0440\u0430\u0432\u043b\u0435\u043d\u0438\u044f - \u043d\u0430\u0447\u0430\u043b\u044c\u043d\u0438\u043a \u043e\u0442\u0434\u0435\u043b\u0430", "action_flag": 2, "change_message": "[{\"changed\": {\"fields\": [\"postname\"]}}]"}}, {"model": "admin.logentry", "pk": 54, "fields": {"action_time": "2018-11-30T12:08:56.410Z", "user": 1, "content_type": 16, "object_id": "1", "object_repr": "\u041f\u0440\u043e\u0433\u0440\u0430\u043c\u043c\u043d\u043e\u0435 \u043e\u0431\u0435\u0441\u043f\u0435\u0447\u0435\u043d\u0438\u0435", "action_flag": 1, "change_message": "[{\"added\": {}}]"}}, {"model": "admin.logentry", "pk": 55, "fields": {"action_time": "2018-11-30T12:09:03.976Z", "user": 1, "content_type": 16, "object_id": "2", "object_repr": "\u041a\u043e\u043c\u043f\u044c\u044e\u0442\u0435\u0440\u044b", "action_flag": 1, "change_message": "[{\"added\": {}}]"}}, {"model": "admin.logentry", "pk": 56, "fields": {"action_time": "2018-11-30T12:09:19.588Z", "user": 1, "content_type": 16, "object_id": "3", "object_repr": "\u041a\u043e\u043f\u0438\u0440\u043e\u0432\u0430\u043b\u044c\u043d\u043e-\u043c\u043d\u043e\u0436\u0438\u0442\u0435\u043b\u044c\u043d\u0430\u044f \u0442\u0435\u0445\u043d\u0438\u043a\u0430", "action_flag": 1, "change_message": "[{\"added\": {}}]"}}, {"model": "admin.logentry", "pk": 57, "fields": {"action_time": "2018-11-30T12:09:34.435Z", "user": 1, "content_type": 16, "object_id": "4", "object_repr": "\u0412\u044b\u0434\u0430\u0447\u0430 \u043f\u0435\u0440\u0438\u0444\u0435\u0440\u0438\u0439\u043d\u044b\u0445 \u0443\u0441\u0442\u0440\u043e\u0439\u0441\u0442\u0432", "action_flag": 1, "change_message": "[{\"added\": {}}]"}}, {"model": "admin.logentry", "pk": 58, "fields": {"action_time": "2018-11-30T12:09:54.044Z", "user": 1, "content_type": 16, "object_id": "5", "object_repr": "\u0412\u044b\u0434\u0430\u0447\u0430 \u043a\u0430\u0440\u0442\u0440\u0438\u0434\u0436\u0435\u0439", "action_flag": 1, "change_message": "[{\"added\": {}}]"}}, {"model": "admin.logentry", "pk": 59, "fields": {"action_time": "2018-11-30T12:09:59.786Z", "user": 1, "content_type": 16, "object_id": "6", "object_repr": "\u0422\u0435\u043b\u0435\u0444\u043e\u043d\u0438\u044f", "action_flag": 1, "change_message": "[{\"added\": {}}]"}}, {"model": "admin.logentry", "pk": 60, "fields": {"action_time": "2018-11-30T12:10:09.338Z", "user": 1, "content_type": 16, "object_id": "7", "object_repr": "\u041e\u0431\u0435\u0441\u043f\u0435\u0447\u0435\u043d\u0438\u0435 \u0441\u043e\u0442\u0440\u0443\u0434\u043d\u0438\u043a\u0430", "action_flag": 1, "change_message": "[{\"added\": {}}]"}}, {"model": "admin.logentry", "pk": 61, "fields": {"action_time": "2018-11-30T12:10:15.187Z", "user": 1, "content_type": 16, "object_id": "8", "object_repr": "\u041f\u0440\u043e\u0447\u0438\u0435 \u043f\u0440\u043e\u0431\u043b\u0435\u043c\u044b", "action_flag": 1, "change_message": "[{\"added\": {}}]"}}, {"model": "admin.logentry", "pk": 62, "fields": {"action_time": "2018-11-30T12:10:49.712Z", "user": 1, "content_type": 17, "object_id": "1", "object_repr": "\u0423\u0441\u0442\u0430\u043d\u043e\u0432\u043a\u0430 winrar", "action_flag": 1, "change_message": "[{\"added\": {}}]"}}, {"model": "admin.logentry", "pk": 63, "fields": {"action_time": "2018-11-30T12:11:22.290Z", "user": 1, "content_type": 17, "object_id": "2", "object_repr": "\u0423\u0441\u0442\u0430\u043d\u043e\u0432\u043a\u0430 Microsoft Office", "action_flag": 1, "change_message": "[{\"added\": {}}]"}}, {"model": "admin.logentry", "pk": 64, "fields": {"action_time": "2018-11-30T12:11:32.507Z", "user": 1, "content_type": 17, "object_id": "3", "object_repr": "\u0410\u043a\u0442\u0438\u0432\u0430\u0446\u0438\u044f Microsoft Office", "action_flag": 1, "change_message": "[{\"added\": {}}]"}}, {"model": "admin.logentry", "pk": 65, "fields": {"action_time": "2018-11-30T12:11:51.995Z", "user": 1, "content_type": 17, "object_id": "4", "object_repr": "\u0423\u0441\u0442\u0430\u043d\u043e\u0432\u043a\u0430 Adobe Reader", "action_flag": 1, "change_message": "[{\"added\": {}}]"}}, {"model": "admin.logentry", "pk": 66, "fields": {"action_time": "2018-11-30T12:12:07.258Z", "user": 1, "content_type": 17, "object_id": "5", "object_repr": "\u0410\u043a\u0442\u0438\u0432\u0430\u0446\u0438\u044f Windows", "action_flag": 1, "change_message": "[{\"added\": {}}]"}}, {"model": "admin.logentry", "pk": 67, "fields": {"action_time": "2018-11-30T12:12:37.105Z", "user": 1, "content_type": 17, "object_id": "6", "object_repr": "\u041d\u0435 \u0440\u0430\u0431\u043e\u0442\u0430\u0435\u0442 \u043f\u043e\u0447\u0442\u0430 (Microsoft Outlook)", "action_flag": 1, "change_message": "[{\"added\": {}}]"}}, {"model": "admin.logentry", "pk": 68, "fields": {"action_time": "2018-11-30T12:13:01.851Z", "user": 1, "content_type": 17, "object_id": "7", "object_repr": "\u041f\u043e\u0434\u043a\u043b\u044e\u0447\u0435\u043d\u0438\u0435(\u043d\u0430\u0441\u0442\u0440\u043e\u0439\u043a\u0430) \u0442\u043e\u0440\u0433\u043e\u0432\u044b\u0445 \u043f\u043b\u043e\u0449\u0430\u0434\u043e\u043a", "action_flag": 1, "change_message": "[{\"added\": {}}]"}}, {"model": "admin.logentry", "pk": 69, "fields": {"action_time": "2018-11-30T12:13:18.944Z", "user": 1, "content_type": 17, "object_id": "8", "object_repr": "\u041d\u0435 \u0440\u0430\u0431\u043e\u0442\u0430\u044e\u0442 \u0442\u043e\u0440\u0433\u043e\u0432\u044b\u0435 \u043f\u043b\u043e\u0449\u0430\u0434\u043a\u0438", "action_flag": 1, "change_message": "[{\"added\": {}}]"}}, {"model": "admin.logentry", "pk": 70, "fields": {"action_time": "2018-11-30T12:13:41.048Z", "user": 1, "content_type": 17, "object_id": "9", "object_repr": "\u041d\u0435 \u0434\u043e\u0441\u0442\u0443\u043f\u0435\u043d \u0441\u0430\u0439\u0442 \u0437\u0430\u043a\u0443\u043f\u043e\u043a (zakupki.gov.ru)", "action_flag": 1, "change_message": "[{\"added\": {}}]"}}, {"model": "admin.logentry", "pk": 71, "fields": {"action_time": "2018-11-30T12:13:57.995Z", "user": 1, "content_type": 17, "object_id": "10", "object_repr": "\u0423\u0441\u0442\u0430\u043d\u043e\u0432\u043a\u0430 \u0430\u043d\u0442\u0438\u0432\u0438\u0440\u0443\u0441\u043d\u043e\u0433\u043e \u041f\u041e", "action_flag": 1, "change_message": "[{\"added\": {}}]"}}, {"model": "admin.logentry", "pk": 72, "fields": {"action_time": "2018-11-30T12:14:14.568Z", "user": 1, "content_type": 17, "object_id": "11", "object_repr": "\u0423\u0441\u0442\u0430\u043d\u043e\u0432\u043a\u0430 \u043a\u043e\u043c\u043f\u044c\u044e\u0442\u0435\u0440\u0430", "action_flag": 1, "change_message": "[{\"added\": {}}]"}}, {"model": "admin.logentry", "pk": 73, "fields": {"action_time": "2018-11-30T12:14:21.107Z", "user": 1, "content_type": 17, "object_id": "12", "object_repr": "\u041f\u0435\u0440\u0435\u043c\u0435\u0449\u0435\u043d\u0438\u0435 \u043a\u043e\u043c\u043f\u044c\u044e\u0442\u0435\u0440\u0430", "action_flag": 1, "change_message": "[{\"added\": {}}]"}}, {"model": "admin.logentry", "pk": 74, "fields": {"action_time": "2018-11-30T12:14:31.153Z", "user": 1, "content_type": 17, "object_id": "13", "object_repr": "\u041d\u0435 \u0432\u043a\u043b\u044e\u0447\u0430\u0435\u0442\u0441\u044f \u043a\u043e\u043c\u043f\u044c\u044e\u0442\u0435\u0440", "action_flag": 1, "change_message": "[{\"added\": {}}]"}}, {"model": "admin.logentry", "pk": 75, "fields": {"action_time": "2018-11-30T12:14:46.254Z", "user": 1, "content_type": 17, "object_id": "14", "object_repr": "\u041f\u0440\u043e\u0438\u0437\u0432\u043e\u043b\u044c\u043d\u0430\u044f \u043f\u0435\u0440\u0435\u0437\u0430\u0433\u0440\u0443\u0437\u043a\u0430 \u043a\u043e\u043c\u043f\u044c\u044e\u0442\u0435\u0440\u0430", "action_flag": 1, "change_message": "[{\"added\": {}}]"}}, {"model": "admin.logentry", "pk": 76, "fields": {"action_time": "2018-11-30T12:14:58.553Z", "user": 1, "content_type": 17, "object_id": "15", "object_repr": "\u041f\u043e\u0434\u043a\u043b\u044e\u0447\u0435\u043d\u0438\u0435 \u043a \u0441\u0435\u0442\u0438 \u0418\u043d\u0442\u0435\u0440\u043d\u0435\u0442", "action_flag": 1, "change_message": "[{\"added\": {}}]"}}, {"model": "admin.logentry", "pk": 77, "fields": {"action_time": "2018-11-30T12:15:17.957Z", "user": 1, "content_type": 17, "object_id": "16", "object_repr": "\u041e\u0442\u043a\u043b\u044e\u0447\u0435\u043d\u0438\u0435 \u043e\u0442 \u0441\u0435\u0442\u0438 \u0418\u043d\u0442\u0435\u0440\u043d\u0435\u0442", "action_flag": 1, "change_message": "[{\"added\": {}}]"}}, {"model": "admin.logentry", "pk": 78, "fields": {"action_time": "2018-11-30T12:15:37.576Z", "user": 1, "content_type": 17, "object_id": "17", "object_repr": "\u041f\u043e\u0434\u043a\u043b\u044e\u0447\u0435\u043d\u0438\u0435 \u0441\u0435\u0442\u0435\u0432\u044b\u0445 \u0434\u0438\u0441\u043a\u043e\u0432", "action_flag": 1, "change_message": "[{\"added\": {}}]"}}, {"model": "admin.logentry", "pk": 79, "fields": {"action_time": "2018-11-30T12:15:46.115Z", "user": 1, "content_type": 17, "object_id": "18", "object_repr": "\u041e\u0442\u043a\u043b\u044e\u0447\u0435\u043d\u0438\u0435 \u0441\u0435\u0442\u0435\u0432\u044b\u0445 \u0434\u0438\u0441\u043a\u043e\u0432", "action_flag": 1, "change_message": "[{\"added\": {}}]"}}, {"model": "admin.logentry", "pk": 80, "fields": {"action_time": "2018-11-30T12:16:05.127Z", "user": 1, "content_type": 17, "object_id": "19", "object_repr": "\u041f\u0440\u043e\u0431\u043b\u0435\u043c\u044b \u0441 \u0434\u043e\u0441\u0442\u0443\u043f\u043e\u043c \u0432 \u0418\u043d\u0442\u0435\u0440\u043d\u0435\u0442", "action_flag": 1, "change_message": "[{\"added\": {}}]"}}, {"model": "admin.logentry", "pk": 81, "fields": {"action_time": "2018-11-30T12:16:23.173Z", "user": 1, "content_type": 17, "object_id": "20", "object_repr": "\u041d\u0435 \u0432\u043a\u043b\u044e\u0447\u0430\u0435\u0442\u0441\u044f \u043c\u043e\u043d\u0438\u0442\u043e\u0440", "action_flag": 1, "change_message": "[{\"added\": {}}]"}}, {"model": "admin.logentry", "pk": 82, "fields": {"action_time": "2018-11-30T12:17:20.330Z", "user": 1, "content_type": 17, "object_id": "21", "object_repr": "\u041d\u0435 \u0432\u043a\u043b\u044e\u0447\u0430\u0435\u0442\u0441\u044f \u043c\u043e\u043d\u0438\u0442\u043e\u0440", "action_flag": 1, "change_message": "[{\"added\": {}}]"}}, {"model": "admin.logentry", "pk": 83, "fields": {"action_time": "2018-11-30T12:17:31.489Z", "user": 1, "content_type": 17, "object_id": "22", "object_repr": "\u0421\u043e\u0437\u0434\u0430\u043d\u0438\u0435 \u0443\u0447\u0435\u0442\u043d\u043e\u0439 \u0437\u0430\u043f\u0438\u0441\u0438", "action_flag": 1, "change_message": "[{\"added\": {}}]"}}, {"model": "admin.logentry", "pk": 84, "fields": {"action_time": "2018-11-30T12:18:06.720Z", "user": 1, "content_type": 17, "object_id": "23", "object_repr": "\u041d\u0435\u0438\u0441\u043f\u0440\u0430\u0432\u043d\u043e\u0441\u0442\u044c \u043f\u0440\u0438\u043d\u0442\u0435\u0440\u0430 (\u0441\u043a\u0430\u043d\u0435\u0440\u0430, \u041c\u0424\u0423)", "action_flag": 1, "change_message": "[{\"added\": {}}]"}}, {"model": "admin.logentry", "pk": 85, "fields": {"action_time": "2018-11-30T12:18:16.788Z", "user": 1, "content_type": 17, "object_id": "24", "object_repr": "\u041f\u043e\u0434\u043a\u043b\u044e\u0447\u0435\u043d\u0438\u0435 \u043f\u0440\u0438\u043d\u0442\u0435\u0440\u0430 (\u0441\u043a\u0430\u043d\u0435\u0440\u0430, \u041c\u0424\u0423)", "action_flag": 1, "change_message": "[{\"added\": {}}]"}}, {"model": "admin.logentry", "pk": 86, "fields": {"action_time": "2018-11-30T12:18:39.065Z", "user": 1, "content_type": 17, "object_id": "25", "object_repr": "\u0412\u044b\u0434\u0430\u0447\u0430(\u043f\u043e\u0434\u043a\u043b\u044e\u0447\u0435\u043d\u0438\u0435) \u043f\u0440\u0438\u043d\u0442\u0435\u0440\u0430 (\u0441\u043a\u0430\u043d\u0435\u0440\u0430, \u041c\u0424\u0423)", "action_flag": 1, "change_message": "[{\"added\": {}}]"}}, {"model": "admin.logentry", "pk": 87, "fields": {"action_time": "2018-11-30T12:23:48.404Z", "user": 1, "content_type": 17, "object_id": "26", "object_repr": "\u0412\u044b\u0434\u0430\u0447\u0430 (\u0443\u0441\u0442\u0430\u043d\u043e\u0432\u043a\u0430) KVM \u043f\u0435\u0440\u0435\u043a\u043b\u044e\u0447\u0430\u0442\u0435\u043b\u044f", "action_flag": 1, "change_message": "[{\"added\": {}}]"}}, {"model": "admin.logentry", "pk": 88, "fields": {"action_time": "2018-11-30T12:24:03.390Z", "user": 1, "content_type": 17, "object_id": "27", "object_repr": "\u0412\u044b\u0434\u0430\u0447\u0430 (\u0443\u0441\u0442\u0430\u043d\u043e\u0432\u043a\u0430) \u043c\u044b\u0448\u0438", "action_flag": 1, "change_message": "[{\"added\": {}}]"}}, {"model": "admin.logentry", "pk": 89, "fields": {"action_time": "2018-11-30T12:24:12.321Z", "user": 1, "content_type": 17, "object_id": "28", "object_repr": "\u0412\u044b\u0434\u0430\u0447\u0430 (\u0443\u0441\u0442\u0430\u043d\u043e\u0432\u043a\u0430) \u043a\u043b\u0430\u0432\u0438\u0430\u0442\u0443\u0440\u044b", "action_flag": 1, "change_message": "[{\"added\": {}}]"}}, {"model": "admin.logentry", "pk": 90, "fields": {"action_time": "2018-11-30T12:24:29.883Z", "user": 1, "content_type": 17, "object_id": "29", "object_repr": "\u0412\u044b\u0434\u0430\u0447\u0430 \u043d\u0430\u043a\u043b\u0435\u0435\u043a \u043d\u0430 \u043a\u043b\u0430\u0432\u0438\u0430\u0442\u0443\u0440\u0443", "action_flag": 1, "change_message": "[{\"added\": {}}]"}}, {"model": "admin.logentry", "pk": 91, "fields": {"action_time": "2018-11-30T12:25:01.070Z", "user": 1, "content_type": 17, "object_id": "30", "object_repr": "\u0412\u044b\u0434\u0430\u0447\u0430 (\u0443\u0441\u0442\u0430\u043d\u043e\u0432\u043a\u0430, \u043d\u0430\u0441\u0442\u0440\u043e\u0439\u043a\u0430) \u0442\u0435\u043b\u0435\u0444\u043e\u043d\u0430", "action_flag": 1, "change_message": "[{\"added\": {}}]"}}, {"model": "admin.logentry", "pk": 92, "fields": {"action_time": "2018-11-30T12:25:09.672Z", "user": 1, "content_type": 17, "object_id": "31", "object_repr": "\u041d\u0435 \u0440\u0430\u0431\u043e\u0442\u0430\u0435\u0442 \u0442\u0435\u043b\u0435\u0444\u043e\u043d", "action_flag": 1, "change_message": "[{\"added\": {}}]"}}, {"model": "admin.logentry", "pk": 93, "fields": {"action_time": "2018-11-30T12:25:41.807Z", "user": 1, "content_type": 17, "object_id": "32", "object_repr": "\u041f\u0440\u043e\u0447\u0435\u0435", "action_flag": 1, "change_message": "[{\"added\": {}}]"}}, {"model": "admin.logentry", "pk": 94, "fields": {"action_time": "2018-11-30T12:26:23.734Z", "user": 1, "content_type": 17, "object_id": "33", "object_repr": "\u041a\u0430\u0440\u0442\u0440\u0438\u0434\u0436 Epson Premium XP-600", "action_flag": 1, "change_message": "[{\"added\": {}}]"}}, {"model": "admin.logentry", "pk": 95, "fields": {"action_time": "2018-11-30T12:26:54.255Z", "user": 1, "content_type": 17, "object_id": "34", "object_repr": "\u041a\u0430\u0440\u0442\u0440\u0438\u0434\u0436 Color LaserJet CP5525", "action_flag": 1, "change_message": "[{\"added\": {}}]"}}, {"model": "admin.logentry", "pk": 96, "fields": {"action_time": "2018-11-30T12:27:10.947Z", "user": 1, "content_type": 17, "object_id": "35", "object_repr": "\u041a\u0430\u0440\u0442\u0440\u0438\u0434\u0436 Color LaserJet CP2025", "action_flag": 1, "change_message": "[{\"added\": {}}]"}}, {"model": "admin.logentry", "pk": 97, "fields": {"action_time": "2018-11-30T12:28:57.009Z", "user": 1, "content_type": 17, "object_id": "36", "object_repr": "\u041a\u0430\u0440\u0442\u0440\u0438\u0434\u0436 Epson Stylus Photo R2880 A3", "action_flag": 1, "change_message": "[{\"added\": {}}]"}}, {"model": "admin.logentry", "pk": 98, "fields": {"action_time": "2018-11-30T12:29:19.614Z", "user": 1, "content_type": 17, "object_id": "37", "object_repr": "\u041a\u0430\u0440\u0442\u0440\u0438\u0434\u0436 LaserJet CP5200", "action_flag": 1, "change_message": "[{\"added\": {}}]"}}, {"model": "admin.logentry", "pk": 99, "fields": {"action_time": "2018-11-30T12:29:34.876Z", "user": 1, "content_type": 17, "object_id": "38", "object_repr": "\u041a\u0430\u0440\u0442\u0440\u0438\u0434\u0436 LaserJet M1120", "action_flag": 1, "change_message": "[{\"added\": {}}]"}}, {"model": "admin.logentry", "pk": 100, "fields": {"action_time": "2018-11-30T12:29:44.972Z", "user": 1, "content_type": 17, "object_id": "39", "object_repr": "\u041a\u0430\u0440\u0442\u0440\u0438\u0434\u0436 LaserJet M2727", "action_flag": 1, "change_message": "[{\"added\": {}}]"}}, {"model": "admin.logentry", "pk": 101, "fields": {"action_time": "2018-11-30T12:30:00.656Z", "user": 1, "content_type": 17, "object_id": "40", "object_repr": "\u041a\u0430\u0440\u0442\u0440\u0438\u0434\u0436 LaserJet M2035", "action_flag": 1, "change_message": "[{\"added\": {}}]"}}, {"model": "admin.logentry", "pk": 102, "fields": {"action_time": "2018-11-30T12:30:17.095Z", "user": 1, "content_type": 17, "object_id": "41", "object_repr": "\u041a\u0430\u0440\u0442\u0440\u0438\u0434\u0436 Xerox WC 5740", "action_flag": 1, "change_message": "[{\"added\": {}}]"}}, {"model": "admin.logentry", "pk": 103, "fields": {"action_time": "2018-11-30T12:30:47.778Z", "user": 1, "content_type": 17, "object_id": "42", "object_repr": "\u041a\u0430\u0440\u0442\u0440\u0438\u0434\u0436 Xerox WC 3210/3220", "action_flag": 1, "change_message": "[{\"added\": {}}]"}}, {"model": "admin.logentry", "pk": 104, "fields": {"action_time": "2018-11-30T12:30:57.736Z", "user": 1, "content_type": 17, "object_id": "43", "object_repr": "\u041a\u0430\u0440\u0442\u0440\u0438\u0434\u0436 Xerox WC 5775", "action_flag": 1, "change_message": "[{\"added\": {}}]"}}, {"model": "admin.logentry", "pk": 105, "fields": {"action_time": "2018-11-30T12:31:39.006Z", "user": 1, "content_type": 17, "object_id": "44", "object_repr": "\u041a\u0430\u0440\u0442\u0440\u0438\u0434\u0436 \u041c\u0424\u0423 Samsung SCX-6555N", "action_flag": 1, "change_message": "[{\"added\": {}}]"}}, {"model": "admin.logentry", "pk": 106, "fields": {"action_time": "2018-11-30T12:32:03.400Z", "user": 1, "content_type": 17, "object_id": "45", "object_repr": "\u041a\u0430\u0440\u0442\u0440\u0438\u0434\u0436 \u0434\u043b\u044f \u043f\u0440\u0438\u043d\u0442\u0435\u0440\u0430 Samsung SCX-6555N", "action_flag": 1, "change_message": "[{\"added\": {}}]"}}, {"model": "admin.logentry", "pk": 107, "fields": {"action_time": "2018-11-30T12:32:19.992Z", "user": 1, "content_type": 17, "object_id": "44", "object_repr": "\u041a\u0430\u0440\u0442\u0440\u0438\u0434\u0436  \u0434\u043b\u044f \u041c\u0424\u0423 Samsung SCX-6555N", "action_flag": 2, "change_message": "[{\"changed\": {\"fields\": [\"subproblemname\"]}}]"}}, {"model": "admin.logentry", "pk": 108, "fields": {"action_time": "2018-11-30T12:33:03.050Z", "user": 1, "content_type": 17, "object_id": "46", "object_repr": "\u0422\u043e\u043d\u0435\u0440 \u0434\u043b\u044f \u043f\u0440\u0438\u043d\u0442\u0435\u0440\u0430 Kyocera FS-4300DN", "action_flag": 1, "change_message": "[{\"added\": {}}]"}}, {"model": "admin.logentry", "pk": 109, "fields": {"action_time": "2018-11-30T12:33:17.986Z", "user": 1, "content_type": 17, "object_id": "46", "object_repr": "\u0422\u043e\u043d\u0435\u0440 \u0434\u043b\u044f \u043f\u0440\u0438\u043d\u0442\u0435\u0440\u0430 Kyocera FS-4300DN", "action_flag": 2, "change_message": "[{\"changed\": {\"fields\": [\"mainproblem\"]}}]"}}, {"model": "admin.logentry", "pk": 110, "fields": {"action_time": "2018-11-30T12:33:24.098Z", "user": 1, "content_type": 17, "object_id": "45", "object_repr": "\u041a\u0430\u0440\u0442\u0440\u0438\u0434\u0436 \u0434\u043b\u044f \u043f\u0440\u0438\u043d\u0442\u0435\u0440\u0430 Samsung SCX-6555N", "action_flag": 2, "change_message": "[{\"changed\": {\"fields\": [\"mainproblem\"]}}]"}}, {"model": "admin.logentry", "pk": 111, "fields": {"action_time": "2018-11-30T12:33:30.525Z", "user": 1, "content_type": 17, "object_id": "44", "object_repr": "\u041a\u0430\u0440\u0442\u0440\u0438\u0434\u0436  \u0434\u043b\u044f \u041c\u0424\u0423 Samsung SCX-6555N", "action_flag": 2, "change_message": "[{\"changed\": {\"fields\": [\"mainproblem\"]}}]"}}, {"model": "admin.logentry", "pk": 112, "fields": {"action_time": "2018-11-30T12:33:35.509Z", "user": 1, "content_type": 17, "object_id": "43", "object_repr": "\u041a\u0430\u0440\u0442\u0440\u0438\u0434\u0436 Xerox WC 5775", "action_flag": 2, "change_message": "[]"}}, {"model": "admin.logentry", "pk": 113, "fields": {"action_time": "2018-11-30T12:34:06.038Z", "user": 1, "content_type": 17, "object_id": "47", "object_repr": "\u0422\u043e\u043d\u0435\u0440 \u0434\u043b\u044f \u043f\u0440\u0438\u043d\u0442\u0435\u0440\u0430 Ricoh Aficio SP 5200DN", "action_flag": 1, "change_message": "[{\"added\": {}}]"}}, {"model": "admin.logentry", "pk": 114, "fields": {"action_time": "2018-11-30T12:34:36.771Z", "user": 1, "content_type": 17, "object_id": "48", "object_repr": "\u0422\u043e\u043d\u0435\u0440 \u043a \u041c\u0424\u0423 Sharp AR5618N", "action_flag": 1, "change_message": "[{\"added\": {}}]"}}, {"model": "admin.logentry", "pk": 115, "fields": {"action_time": "2018-11-30T12:38:00.437Z", "user": 1, "content_type": 17, "object_id": "49", "object_repr": "\u0422\u043e\u043d\u0435\u0440 \u043a \u0444\u0430\u043a\u0441\u0443 Panasonic KX-FL423RU-B", "action_flag": 1, "change_message": "[{\"added\": {}}]"}}, {"model": "admin.logentry", "pk": 116, "fields": {"action_time": "2018-11-30T12:38:23.608Z", "user": 1, "content_type": 17, "object_id": "50", "object_repr": "\u041a\u0430\u0440\u0442\u0440\u0438\u0434\u0436 Xerox WC 3615", "action_flag": 1, "change_message": "[{\"added\": {}}]"}}, {"model": "admin.logentry", "pk": 117, "fields": {"action_time": "2018-11-30T12:40:08.622Z", "user": 1, "content_type": 11, "object_id": "1", "object_repr": "admin", "action_flag": 1, "change_message": "[{\"added\": {}}]"}}]