[{"model": "employeesapp.post", "pk": 1, "fields": {"postname": "\u0420\u0443\u043a\u043e\u0432\u043e\u0434\u0438\u0442\u0435\u043b\u044c \u0434\u0435\u043f\u0430\u0440\u0442\u0430\u043c\u0435\u043d\u0442\u0430"}}, {"model": "employeesapp.post", "pk": 2, "fields": {"postname": "\u0417\u0430\u043c\u0435\u0441\u0442\u0438\u0442\u0435\u043b\u044c \u0440\u0443\u043a\u043e\u0432\u043e\u0434\u0438\u0442\u0435\u043b\u044f \u0434\u0435\u043f\u0430\u0440\u0442\u0430\u043c\u0435\u043d\u0442\u0430"}}, {"model": "employeesapp.post", "pk": 3, "fields": {"postname": "\u0421\u043f\u0435\u0446\u0438\u0430\u043b\u0438\u0441\u0442 1 \u0440\u0430\u0437\u0440\u044f\u0434\u0430"}}, {"model": "employeesapp.post", "pk": 4, "fields": {"postname": "\u0413\u043b\u0430\u0432\u043d\u044b\u0439 \u0441\u043f\u0435\u0446\u0438\u0430\u043b\u0438\u0441\u0442-\u044d\u043a\u0441\u043f\u0435\u0440\u0442"}}, {"model": "employeesapp.post", "pk": 5, "fields": {"postname": "\u0412\u0435\u0434\u0443\u0449\u0438\u0439 \u0441\u043f\u0435\u0446\u0438\u0430\u043b\u0438\u0441\u0442-\u044d\u043a\u0441\u043f\u0435\u0440\u0442"}}, {"model": "employeesapp.post", "pk": 6, "fields": {"postname": "\u0421\u043e\u0432\u0435\u0442\u043d\u0438\u043a"}}, {"model": "employeesapp.post", "pk": 7, "fields": {"postname": "\u0412\u0435\u0434\u0443\u0449\u0438\u0439 \u0441\u043e\u0432\u0435\u0442\u043d\u0438\u043a"}}, {"model": "employeesapp.post", "pk": 8, "fields": {"postname": "\u041a\u043e\u043d\u0441\u0443\u043b\u044c\u0442\u0430\u043d\u0442"}}, {"model": "employeesapp.post", "pk": 9, "fields": {"postname": "\u0412\u0435\u0434\u0443\u0449\u0438\u0439 \u043a\u043e\u043d\u0441\u0443\u043b\u044c\u0442\u0430\u043d\u0442"}}, {"model": "employeesapp.post", "pk": 10, "fields": {"postname": "\u0417\u0430\u043c\u0435\u0441\u0442\u0438\u0442\u0435\u043b\u044c \u043d\u0430\u0447\u0430\u043b\u044c\u043d\u0438\u043a\u0430 \u043e\u0442\u0434\u0435\u043b\u0430"}}, {"model": "employeesapp.post", "pk": 11, "fields": {"postname": "\u0420\u0435\u0444\u0435\u0440\u0435\u043d\u0442"}}, {"model": "employeesapp.post", "pk": 12, "fields": {"postname": "\u041d\u0430\u0447\u0430\u043b\u044c\u043d\u0438\u043a \u043e\u0442\u0434\u0435\u043b\u0430"}}, {"model": "employeesapp.post", "pk": 13, "fields": {"postname": "\u0417\u0430\u043c\u0435\u0441\u0442\u0438\u0442\u0435\u043b\u044c \u043d\u0430\u0447\u0430\u043b\u044c\u043d\u0438\u043a\u0430 \u0443\u043f\u0440\u0430\u0432\u043b\u0435\u043d\u0438\u044f - \u043d\u0430\u0447\u0430\u043b\u044c\u043d\u0438\u043a \u043e\u0442\u0434\u0435\u043b\u0430"}}, {"model": "mainapp.department", "pk": 1, "fields": {"departmentmname": "\u041e\u0440\u0433\u0430\u043d\u0438\u0437\u0430\u0446\u0438\u043e\u043d\u043d\u043e-\u043f\u043b\u0430\u043d\u043e\u0432\u043e\u0435 \u0443\u043f\u0440\u0430\u0432\u043b\u0435\u043d\u0438\u0435"}}, {"model": "mainapp.department", "pk": 2, "fields": {"departmentmname": "\u0423\u043f\u0440\u0430\u0432\u043b\u0435\u043d\u0438\u0435 (\u043f\u043b\u0430\u043d\u0438\u0440\u043e\u0432\u0430\u043d\u0438\u044f \u0438 \u043c\u0435\u0442\u043e\u0434\u043e\u043b\u043e\u0433\u0438\u0438 \u0437\u0430\u043a\u0443\u043f\u043e\u043a)"}}, {"model": "mainapp.department", "pk": 3, "fields": {"departmentmname": "\u0423\u043f\u0440\u0430\u0432\u043b\u0435\u043d\u0438\u0435 (\u043c\u043e\u043d\u0438\u0442\u043e\u0440\u0438\u043d\u0433\u0430, \u0430\u043d\u0430\u043b\u0438\u0437\u0430 \u0438 \u0443\u0447\u0435\u0442\u0430 \u0437\u0430\u043a\u0443\u043f\u043e\u043a)"}}, {"model": "mainapp.department", "pk": 4, "fields": {"departmentmname": "\u0423\u043f\u0440\u0430\u0432\u043b\u0435\u043d\u0438\u0435 (\u043f\u0440\u043e\u0432\u0435\u0434\u0435\u043d\u0438\u044f \u043a\u043e\u043d\u043a\u0443\u0440\u0435\u043d\u0442\u043d\u044b\u0445 \u043f\u0440\u043e\u0446\u0435\u0434\u0443\u0440)"}}, {"model": "mainapp.department", "pk": 5, "fields": {"departmentmname": "\u0423\u043f\u0440\u0430\u0432\u043b\u0435\u043d\u0438\u0435 (\u0433\u043e\u0441\u0443\u0434\u0430\u0440\u0441\u0442\u0432\u0435\u043d\u043d\u043e\u0433\u043e \u043e\u0431\u043e\u0440\u043e\u043d\u043d\u043e\u0433\u043e \u0437\u0430\u043a\u0430\u0437\u0430)"}}, {"model": "mainapp.department", "pk": 6, "fields": {"departmentmname": "\u0423\u043f\u0440\u0430\u0432\u043b\u0435\u043d\u0438\u0435 (\u0433\u043e\u0441\u0443\u0434\u0430\u0440\u0441\u0442\u0432\u0435\u043d\u043d\u043e\u0433\u043e \u0437\u0430\u043a\u0430\u0437\u0430)"}}, {"model": "mainapp.department", "pk": 7, "fields": {"departmentmname": "\u0423\u043f\u0440\u0430\u0432\u043b\u0435\u043d\u0438\u0435 (\u0437\u0430\u043a\u043b\u044e\u0447\u0435\u043d\u0438\u044f \u0433\u043e\u0441\u0443\u0434\u0430\u0440\u0441\u0442\u0432\u0435\u043d\u043d\u044b\u0445 \u043a\u043e\u043d\u0442\u0440\u0430\u043a\u0442\u043e\u0432)"}}, {"model": "mainapp.department", "pk": 8, "fields": {"departmentmname": "\u043e\u0442\u0441\u0443\u0442\u0441\u0442\u0432\u0443\u0435\u0442"}}, {"model": "mainapp.subdevision", "pk": 1, "fields": {"department": 1, "subdevisionname": "\u041e\u0440\u0433\u0430\u043d\u0438\u0437\u0430\u0446\u0438\u043e\u043d\u043d\u043e-\u043f\u043b\u0430\u043d\u043e\u0432\u044b\u0439 \u043e\u0442\u0434\u0435\u043b"}}, {"model": "mainapp.subdevision", "pk": 2, "fields": {"department": 1, "subdevisionname": "\u043e\u0442\u0434\u0435\u043b (\u043e\u0440\u0433\u0430\u043d\u0438\u0437\u0430\u0446\u0438\u043e\u043d\u043d\u043e-\u0443\u0447\u0435\u0442\u043d\u044b\u0439)"}}, {"model": "mainapp.subdevision", "pk": 3, "fields": {"department": 1, "subdevisionname": "\u041e\u0442\u0434\u0435\u043b (\u0438\u043d\u0444\u043e\u0440\u043c\u0430\u0446\u0438\u043e\u043d\u043d\u043e-\u0442\u0435\u0445\u043d\u0438\u0447\u0435\u0441\u043a\u043e\u0433\u043e \u043e\u0431\u0435\u0441\u043f\u0435\u0447\u0435\u043d\u0438\u044f)"}}, {"model": "mainapp.subdevision", "pk": 4, "fields": {"department": 1, "subdevisionname": "\u041e\u0442\u0434\u0435\u043b (\u0434\u043e\u043a\u0443\u043c\u0435\u043d\u0442\u0430\u0446\u0438\u043e\u043d\u043d\u043e\u0433\u043e \u043e\u0431\u0435\u0441\u043f\u0435\u0447\u0435\u043d\u0438\u044f)"}}, {"model": "mainapp.subdevision", "pk": 5, "fields": {"department": 1, "subdevisionname": "\u0420\u0435\u0436\u0438\u043c\u043d\u043e-\u0441\u0435\u043a\u0440\u0435\u0442\u043d\u044b\u0439 \u043e\u0442\u0434\u0435\u043b"}}, {"model": "mainapp.subdevision", "pk": 6, "fields": {"department": 2, "subdevisionname": "\u041e\u0442\u0434\u0435\u043b (\u043f\u043b\u0430\u043d\u0438\u0440\u043e\u0432\u0430\u043d\u0438\u044f \u0437\u0430\u043a\u0443\u043f\u043e\u043a)"}}, {"model": "mainapp.subdevision", "pk": 7, "fields": {"department": 2, "subdevisionname": "\u041e\u0442\u0434\u0435\u043b (\u043c\u0435\u0442\u043e\u0434\u043e\u043b\u043e\u0433\u0438\u0438 \u0437\u0430\u043a\u0443\u043f\u043e\u043a)"}}, {"model": "mainapp.subdevision", "pk": 8, "fields": {"department": 3, "subdevisionname": "\u041e\u0442\u0434\u0435\u043b (\u0430\u043d\u0430\u043b\u0438\u0437\u0430, \u0443\u0447\u0435\u0442\u0430 \u0438 \u043e\u0442\u0447\u0435\u0442\u043d\u043e\u0441\u0442\u0438)"}}, {"model": "mainapp.subdevision", "pk": 9, "fields": {"department": 3, "subdevisionname": "\u041e\u0442\u0434\u0435\u043b (\u043c\u043e\u043d\u0438\u0442\u043e\u0440\u0438\u043d\u0433\u0430 \u0437\u0430\u043a\u0443\u043f\u043e\u043a \u0442\u043e\u0432\u0430\u0440\u043e\u0432, \u0440\u0430\u0431\u043e\u0442, \u0443\u0441\u043b\u0443\u0433 \u0433\u043e\u0441\u0443\u0434\u0430\u0440\u0441\u0442\u0432\u0435\u043d\u043d\u043e\u0433\u043e \u043e\u0431\u043e\u0440\u043e\u043d\u043d\u043e\u0433\u043e \u0437\u0430\u043a\u0430\u0437\u0430)"}}, {"model": "mainapp.subdevision", "pk": 10, "fields": {"department": 3, "subdevisionname": "\u041e\u0442\u0434\u0435\u043b (\u043c\u043e\u043d\u0438\u0442\u043e\u0440\u0438\u043d\u0433\u0430 \u0437\u0430\u043a\u0443\u043f\u043e\u043a \u0442\u043e\u0432\u0430\u0440\u043e\u0432, \u0440\u0430\u0431\u043e\u0442, \u0443\u0441\u043b\u0443\u0433 \u0433\u043e\u0441\u0443\u0434\u0430\u0440\u0441\u0442\u0432\u0435\u043d\u043d\u043e\u0433\u043e \u0437\u0430\u043a\u0430\u0437\u0430)"}}, {"model": "mainapp.subdevision", "pk": 11, "fields": {"department": 4, "subdevisionname": "\u041e\u0442\u0434\u0435\u043b (\u043f\u0440\u043e\u0432\u0435\u0434\u0435\u043d\u0438\u044f \u043a\u043e\u043d\u043a\u0443\u0440\u0435\u043d\u0442\u043d\u044b\u0445 \u043f\u0440\u043e\u0446\u0435\u0434\u0443\u0440 \u043f\u043e \u0433\u043e\u0441\u0443\u0434\u0430\u0440\u0441\u0442\u0432\u0435\u043d\u043d\u043e\u043c\u0443 \u043e\u0431\u043e\u0440\u043e\u043d\u043d\u043e\u043c\u0443 \u0437\u0430\u043a\u0430\u0437\u0443)"}}, {"model": "mainapp.subdevision", "pk": 12, "fields": {"department": 4, "subdevisionname": "\u041e\u0442\u0434\u0435\u043b (\u043f\u0440\u043e\u0432\u0435\u0434\u0435\u043d\u0438\u044f \u043a\u043e\u043d\u043a\u0443\u0440\u0435\u043d\u0442\u043d\u044b\u0445 \u043f\u0440\u043e\u0446\u0435\u0434\u0443\u0440 \u043f\u043e \u0433\u043e\u0441\u0443\u0434\u0430\u0440\u0441\u0442\u0432\u0435\u043d\u043d\u043e\u043c\u0443 \u0437\u0430\u043a\u0430\u0437\u0443)"}}, {"model": "mainapp.subdevision", "pk": 13, "fields": {"department": 4, "subdevisionname": "\u041e\u0442\u0434\u0435\u043b (\u043e\u0431\u0435\u0441\u043f\u0435\u0447\u0435\u043d\u0438\u044f \u043f\u0440\u043e\u0432\u0435\u0434\u0435\u043d\u0438\u044f \u043a\u043e\u043d\u043a\u0443\u0440\u0435\u043d\u0442\u043d\u044b\u0445 \u043f\u0440\u043e\u0446\u0435\u0434\u0443\u0440)"}}, {"model": "mainapp.subdevision", "pk": 14, "fields": {"department": 4, "subdevisionname": "\u041e\u0442\u0434\u0435\u043b (\u043f\u0440\u043e\u0432\u0435\u0440\u043a\u0438 \u0443\u0447\u0430\u0441\u0442\u043d\u0438\u043a\u043e\u0432 \u0437\u0430\u043a\u0443\u043f\u043e\u043a)"}}, {"model": "mainapp.subdevision", "pk": 15, "fields": {"department": 5, "subdevisionname": "\u041e\u0442\u0434\u0435\u043b (\u043f\u043e\u0434\u0433\u043e\u0442\u043e\u0432\u043a\u0438 \u0434\u043e\u043a\u0443\u043c\u0435\u043d\u0442\u0430\u0446\u0438\u0438 \u0437\u0430\u043a\u0443\u043f\u043e\u043a \u0412\u0412\u0421\u0422)"}}, {"model": "mainapp.subdevision", "pk": 16, "fields": {"department": 5, "subdevisionname": "\u041e\u0442\u0434\u0435\u043b (\u043f\u043e\u0434\u0433\u043e\u0442\u043e\u0432\u043a\u0438 \u0434\u043e\u043a\u0443\u043c\u0435\u043d\u0442\u0430\u0446\u0438\u0438 \u0437\u0430\u043a\u0443\u043f\u043e\u043a \u041d\u0418\u041e\u041a\u0420)"}}, {"model": "mainapp.subdevision", "pk": 17, "fields": {"department": 5, "subdevisionname": "\u041e\u0442\u0434\u0435\u043b (\u043f\u043e\u0434\u0433\u043e\u0442\u043e\u0432\u043a\u0438 \u0434\u043e\u043a\u0443\u043c\u0435\u043d\u0442\u0430\u0446\u0438\u0438 \u0437\u0430\u043a\u0443\u043f\u043e\u043a \u043c\u0430\u0442\u0435\u0440\u0438\u0430\u043b\u044c\u043d\u044b\u0445 \u0438 \u0442\u0435\u0445\u043d\u0438\u0447\u0435\u0441\u043a\u0438\u0445 \u0441\u0440\u0435\u0434\u0441\u0442\u0432)"}}, {"model": "mainapp.subdevision", "pk": 18, "fields": {"department": 6, "subdevisionname": "\u041e\u0442\u0434\u0435\u043b (\u043f\u043e\u0434\u0433\u043e\u0442\u043e\u0432\u043a\u0438 \u0434\u043e\u043a\u0443\u043c\u0435\u043d\u0442\u0430\u0446\u0438\u0438 \u0437\u0430\u043a\u0443\u043f\u043e\u043a \u043c\u0430\u0442\u0435\u0440\u0438\u0430\u043b\u044c\u043d\u044b\u0445 \u0438 \u0442\u0435\u0445\u043d\u0438\u0447\u0435\u0441\u043a\u0438\u0445 \u0441\u0440\u0435\u0434\u0441\u0442\u0432)"}}, {"model": "mainapp.subdevision", "pk": 19, "fields": {"department": 6, "subdevisionname": "\u041e\u0442\u0434\u0435\u043b (\u043f\u043e\u0434\u0433\u043e\u0442\u043e\u0432\u043a\u0438 \u0434\u043e\u043a\u0443\u043c\u0435\u043d\u0442\u0430\u0446\u0438\u0438 \u0437\u0430\u043a\u0443\u043f\u043e\u043a \u0440\u0430\u0431\u043e\u0442 \u0438 \u0443\u0441\u043b\u0443\u0433)"}}, {"model": "mainapp.subdevision", "pk": 20, "fields": {"department": 6, "subdevisionname": "\u041e\u0442\u0434\u0435\u043b (\u043f\u043e\u0434\u0433\u043e\u0442\u043e\u0432\u043a\u0438 \u0434\u043e\u043a\u0443\u043c\u0435\u043d\u0442\u0430\u0446\u0438\u0438 \u0437\u0430\u043a\u0443\u043f\u043e\u043a \u0442\u043e\u0432\u0430\u0440\u043e\u0432)"}}, {"model": "mainapp.subdevision", "pk": 21, "fields": {"department": 7, "subdevisionname": "\u041e\u0442\u0434\u0435\u043b (\u0437\u0430\u043a\u043b\u044e\u0447\u0435\u043d\u0438\u044f \u0433\u043e\u0441\u0443\u0434\u0430\u0440\u0441\u0442\u0432\u0435\u043d\u043d\u044b\u0445 \u043a\u043e\u043d\u0442\u0440\u0430\u043a\u0442\u043e\u0432 \u043f\u043e \u043d\u043e\u043c\u0435\u043d\u043a\u043b\u0430\u0442\u0443\u0440\u0435 \u0433\u043e\u0441\u0443\u0434\u0430\u0440\u0441\u0442\u0432\u0435\u043d\u043d\u043e\u0433\u043e \u043e\u0431\u043e\u0440\u043e\u043d\u043d\u043e\u0433\u043e \u0437\u0430\u043a\u0430\u0437\u0430)"}}, {"model": "mainapp.subdevision", "pk": 22, "fields": {"department": 7, "subdevisionname": "\u041e\u0442\u0434\u0435\u043b (\u0437\u0430\u043a\u043b\u044e\u0447\u0435\u043d\u0438\u044f \u0433\u043e\u0441\u0443\u0434\u0430\u0440\u0441\u0442\u0432\u0435\u043d\u043d\u044b\u0445 \u043a\u043e\u043d\u0442\u0440\u0430\u043a\u0442\u043e\u0432 \u043f\u043e \u043d\u043e\u043c\u0435\u043d\u043a\u043b\u0430\u0442\u0443\u0440\u0435 \u0433\u043e\u0441\u0443\u0434\u0430\u0440\u0441\u0442\u0432\u0435\u043d\u043d\u043e\u0433\u043e  \u0437\u0430\u043a\u0430\u0437\u0430)"}}, {"model": "mainapp.subdevision", "pk": 23, "fields": {"department": 7, "subdevisionname": "\u041e\u0442\u0434\u0435\u043b (\u0437\u0430\u043a\u043b\u044e\u0447\u0435\u043d\u0438\u044f \u0434\u043e\u043f\u043e\u043b\u043d\u0438\u0442\u0435\u043b\u044c\u043d\u044b\u0445 \u0441\u043e\u0433\u043b\u0430\u0448\u0435\u043d\u0438\u0439)"}}, {"model": "mainapp.subdevision", "pk": 24, "fields": {"department": 8, "subdevisionname": "\u041e\u0442\u0434\u0435\u043b (\u044e\u0440\u0438\u0434\u0438\u0447\u0435\u0441\u043a\u043e\u0433\u043e \u0441\u043e\u043f\u0440\u043e\u0432\u043e\u0436\u0434\u0435\u043d\u0438\u044f \u0437\u0430\u043a\u0443\u043f\u043e\u043a)"}}, {"model": "ticketsapp.mainproblem", "pk": 1, "fields": {"mainproblemname": "\u041f\u0440\u043e\u0433\u0440\u0430\u043c\u043c\u043d\u043e\u0435 \u043e\u0431\u0435\u0441\u043f\u0435\u0447\u0435\u043d\u0438\u0435"}}, {"model": "ticketsapp.mainproblem", "pk": 2, "fields": {"mainproblemname": "\u041a\u043e\u043c\u043f\u044c\u044e\u0442\u0435\u0440\u044b"}}, {"model": "ticketsapp.mainproblem", "pk": 3, "fields": {"mainproblemname": "\u041a\u043e\u043f\u0438\u0440\u043e\u0432\u0430\u043b\u044c\u043d\u043e-\u043c\u043d\u043e\u0436\u0438\u0442\u0435\u043b\u044c\u043d\u0430\u044f \u0442\u0435\u0445\u043d\u0438\u043a\u0430"}}, {"model": "ticketsapp.mainproblem", "pk": 4, "fields": {"mainproblemname": "\u0412\u044b\u0434\u0430\u0447\u0430 \u043f\u0435\u0440\u0438\u0444\u0435\u0440\u0438\u0439\u043d\u044b\u0445 \u0443\u0441\u0442\u0440\u043e\u0439\u0441\u0442\u0432"}}, {"model": "ticketsapp.mainproblem", "pk": 5, "fields": {"mainproblemname": "\u0412\u044b\u0434\u0430\u0447\u0430 \u043a\u0430\u0440\u0442\u0440\u0438\u0434\u0436\u0435\u0439"}}, {"model": "ticketsapp.mainproblem", "pk": 6, "fields": {"mainproblemname": "\u0422\u0435\u043b\u0435\u0444\u043e\u043d\u0438\u044f"}}, {"model": "ticketsapp.mainproblem", "pk": 7, "fields": {"mainproblemname": "\u041e\u0431\u0435\u0441\u043f\u0435\u0447\u0435\u043d\u0438\u0435 \u0441\u043e\u0442\u0440\u0443\u0434\u043d\u0438\u043a\u0430"}}, {"model": "ticketsapp.mainproblem", "pk": 8, "fields": {"mainproblemname": "\u041f\u0440\u043e\u0447\u0438\u0435 \u043f\u0440\u043e\u0431\u043b\u0435\u043c\u044b"}}, {"model": "ticketsapp.subproblem", "pk": 1, "fields": {"mainproblem": 1, "subproblemname": "\u0423\u0441\u0442\u0430\u043d\u043e\u0432\u043a\u0430 winrar"}}, {"model": "ticketsapp.subproblem", "pk": 2, "fields": {"mainproblem": 1, "subproblemname": "\u0423\u0441\u0442\u0430\u043d\u043e\u0432\u043a\u0430 Microsoft Office"}}, {"model": "ticketsapp.subproblem", "pk": 3, "fields": {"mainproblem": 1, "subproblemname": "\u0410\u043a\u0442\u0438\u0432\u0430\u0446\u0438\u044f Microsoft Office"}}, {"model": "ticketsapp.subproblem", "pk": 4, "fields": {"mainproblem": 1, "subproblemname": "\u0423\u0441\u0442\u0430\u043d\u043e\u0432\u043a\u0430 Adobe Reader"}}, {"model": "ticketsapp.subproblem", "pk": 5, "fields": {"mainproblem": 1, "subproblemname": "\u0410\u043a\u0442\u0438\u0432\u0430\u0446\u0438\u044f Windows"}}, {"model": "ticketsapp.subproblem", "pk": 6, "fields": {"mainproblem": 1, "subproblemname": "\u041d\u0435 \u0440\u0430\u0431\u043e\u0442\u0430\u0435\u0442 \u043f\u043e\u0447\u0442\u0430 (Microsoft Outlook)"}}, {"model": "ticketsapp.subproblem", "pk": 7, "fields": {"mainproblem": 1, "subproblemname": "\u041f\u043e\u0434\u043a\u043b\u044e\u0447\u0435\u043d\u0438\u0435(\u043d\u0430\u0441\u0442\u0440\u043e\u0439\u043a\u0430) \u0442\u043e\u0440\u0433\u043e\u0432\u044b\u0445 \u043f\u043b\u043e\u0449\u0430\u0434\u043e\u043a"}}, {"model": "ticketsapp.subproblem", "pk": 8, "fields": {"mainproblem": 1, "subproblemname": "\u041d\u0435 \u0440\u0430\u0431\u043e\u0442\u0430\u044e\u0442 \u0442\u043e\u0440\u0433\u043e\u0432\u044b\u0435 \u043f\u043b\u043e\u0449\u0430\u0434\u043a\u0438"}}, {"model": "ticketsapp.subproblem", "pk": 9, "fields": {"mainproblem": 1, "subproblemname": "\u041d\u0435 \u0434\u043e\u0441\u0442\u0443\u043f\u0435\u043d \u0441\u0430\u0439\u0442 \u0437\u0430\u043a\u0443\u043f\u043e\u043a (zakupki.gov.ru)"}}, {"model": "ticketsapp.subproblem", "pk": 10, "fields": {"mainproblem": 1, "subproblemname": "\u0423\u0441\u0442\u0430\u043d\u043e\u0432\u043a\u0430 \u0430\u043d\u0442\u0438\u0432\u0438\u0440\u0443\u0441\u043d\u043e\u0433\u043e \u041f\u041e"}}, {"model": "ticketsapp.subproblem", "pk": 11, "fields": {"mainproblem": 2, "subproblemname": "\u0423\u0441\u0442\u0430\u043d\u043e\u0432\u043a\u0430 \u043a\u043e\u043c\u043f\u044c\u044e\u0442\u0435\u0440\u0430"}}, {"model": "ticketsapp.subproblem", "pk": 12, "fields": {"mainproblem": 2, "subproblemname": "\u041f\u0435\u0440\u0435\u043c\u0435\u0449\u0435\u043d\u0438\u0435 \u043a\u043e\u043c\u043f\u044c\u044e\u0442\u0435\u0440\u0430"}}, {"model": "ticketsapp.subproblem", "pk": 13, "fields": {"mainproblem": 2, "subproblemname": "\u041d\u0435 \u0432\u043a\u043b\u044e\u0447\u0430\u0435\u0442\u0441\u044f \u043a\u043e\u043c\u043f\u044c\u044e\u0442\u0435\u0440"}}, {"model": "ticketsapp.subproblem", "pk": 14, "fields": {"mainproblem": 2, "subproblemname": "\u041f\u0440\u043e\u0438\u0437\u0432\u043e\u043b\u044c\u043d\u0430\u044f \u043f\u0435\u0440\u0435\u0437\u0430\u0433\u0440\u0443\u0437\u043a\u0430 \u043a\u043e\u043c\u043f\u044c\u044e\u0442\u0435\u0440\u0430"}}, {"model": "ticketsapp.subproblem", "pk": 15, "fields": {"mainproblem": 2, "subproblemname": "\u041f\u043e\u0434\u043a\u043b\u044e\u0447\u0435\u043d\u0438\u0435 \u043a \u0441\u0435\u0442\u0438 \u0418\u043d\u0442\u0435\u0440\u043d\u0435\u0442"}}, {"model": "ticketsapp.subproblem", "pk": 16, "fields": {"mainproblem": 2, "subproblemname": "\u041e\u0442\u043a\u043b\u044e\u0447\u0435\u043d\u0438\u0435 \u043e\u0442 \u0441\u0435\u0442\u0438 \u0418\u043d\u0442\u0435\u0440\u043d\u0435\u0442"}}, {"model": "ticketsapp.subproblem", "pk": 17, "fields": {"mainproblem": 2, "subproblemname": "\u041f\u043e\u0434\u043a\u043b\u044e\u0447\u0435\u043d\u0438\u0435 \u0441\u0435\u0442\u0435\u0432\u044b\u0445 \u0434\u0438\u0441\u043a\u043e\u0432"}}, {"model": "ticketsapp.subproblem", "pk": 18, "fields": {"mainproblem": 2, "subproblemname": "\u041e\u0442\u043a\u043b\u044e\u0447\u0435\u043d\u0438\u0435 \u0441\u0435\u0442\u0435\u0432\u044b\u0445 \u0434\u0438\u0441\u043a\u043e\u0432"}}, {"model": "ticketsapp.subproblem", "pk": 19, "fields": {"mainproblem": 2, "subproblemname": "\u041f\u0440\u043e\u0431\u043b\u0435\u043c\u044b \u0441 \u0434\u043e\u0441\u0442\u0443\u043f\u043e\u043c \u0432 \u0418\u043d\u0442\u0435\u0440\u043d\u0435\u0442"}}, {"model": "ticketsapp.subproblem", "pk": 20, "fields": {"mainproblem": 2, "subproblemname": "\u041d\u0435 \u0432\u043a\u043b\u044e\u0447\u0430\u0435\u0442\u0441\u044f \u043c\u043e\u043d\u0438\u0442\u043e\u0440"}}, {"model": "ticketsapp.subproblem", "pk": 21, "fields": {"mainproblem": 2, "subproblemname": "\u041d\u0435 \u0432\u043a\u043b\u044e\u0447\u0430\u0435\u0442\u0441\u044f \u043c\u043e\u043d\u0438\u0442\u043e\u0440"}}, {"model": "ticketsapp.subproblem", "pk": 22, "fields": {"mainproblem": 2, "subproblemname": "\u0421\u043e\u0437\u0434\u0430\u043d\u0438\u0435 \u0443\u0447\u0435\u0442\u043d\u043e\u0439 \u0437\u0430\u043f\u0438\u0441\u0438"}}, {"model": "ticketsapp.subproblem", "pk": 23, "fields": {"mainproblem": 3, "subproblemname": "\u041d\u0435\u0438\u0441\u043f\u0440\u0430\u0432\u043d\u043e\u0441\u0442\u044c \u043f\u0440\u0438\u043d\u0442\u0435\u0440\u0430 (\u0441\u043a\u0430\u043d\u0435\u0440\u0430, \u041c\u0424\u0423)"}}, {"model": "ticketsapp.subproblem", "pk": 24, "fields": {"mainproblem": 3, "subproblemname": "\u041f\u043e\u0434\u043a\u043b\u044e\u0447\u0435\u043d\u0438\u0435 \u043f\u0440\u0438\u043d\u0442\u0435\u0440\u0430 (\u0441\u043a\u0430\u043d\u0435\u0440\u0430, \u041c\u0424\u0423)"}}, {"model": "ticketsapp.subproblem", "pk": 25, "fields": {"mainproblem": 3, "subproblemname": "\u0412\u044b\u0434\u0430\u0447\u0430(\u043f\u043e\u0434\u043a\u043b\u044e\u0447\u0435\u043d\u0438\u0435) \u043f\u0440\u0438\u043d\u0442\u0435\u0440\u0430 (\u0441\u043a\u0430\u043d\u0435\u0440\u0430, \u041c\u0424\u0423)"}}, {"model": "ticketsapp.subproblem", "pk": 26, "fields": {"mainproblem": 4, "subproblemname": "\u0412\u044b\u0434\u0430\u0447\u0430 (\u0443\u0441\u0442\u0430\u043d\u043e\u0432\u043a\u0430) KVM \u043f\u0435\u0440\u0435\u043a\u043b\u044e\u0447\u0430\u0442\u0435\u043b\u044f"}}, {"model": "ticketsapp.subproblem", "pk": 27, "fields": {"mainproblem": 4, "subproblemname": "\u0412\u044b\u0434\u0430\u0447\u0430 (\u0443\u0441\u0442\u0430\u043d\u043e\u0432\u043a\u0430) \u043c\u044b\u0448\u0438"}}, {"model": "ticketsapp.subproblem", "pk": 28, "fields": {"mainproblem": 4, "subproblemname": "\u0412\u044b\u0434\u0430\u0447\u0430 (\u0443\u0441\u0442\u0430\u043d\u043e\u0432\u043a\u0430) \u043a\u043b\u0430\u0432\u0438\u0430\u0442\u0443\u0440\u044b"}}, {"model": "ticketsapp.subproblem", "pk": 29, "fields": {"mainproblem": 4, "subproblemname": "\u0412\u044b\u0434\u0430\u0447\u0430 \u043d\u0430\u043a\u043b\u0435\u0435\u043a \u043d\u0430 \u043a\u043b\u0430\u0432\u0438\u0430\u0442\u0443\u0440\u0443"}}, {"model": "ticketsapp.subproblem", "pk": 30, "fields": {"mainproblem": 6, "subproblemname": "\u0412\u044b\u0434\u0430\u0447\u0430 (\u0443\u0441\u0442\u0430\u043d\u043e\u0432\u043a\u0430, \u043d\u0430\u0441\u0442\u0440\u043e\u0439\u043a\u0430) \u0442\u0435\u043b\u0435\u0444\u043e\u043d\u0430"}}, {"model": "ticketsapp.subproblem", "pk": 31, "fields": {"mainproblem": 6, "subproblemname": "\u041d\u0435 \u0440\u0430\u0431\u043e\u0442\u0430\u0435\u0442 \u0442\u0435\u043b\u0435\u0444\u043e\u043d"}}, {"model": "ticketsapp.subproblem", "pk": 32, "fields": {"mainproblem": 8, "subproblemname": "\u041f\u0440\u043e\u0447\u0435\u0435"}}, {"model": "ticketsapp.subproblem", "pk": 33, "fields": {"mainproblem": 5, "subproblemname": "\u041a\u0430\u0440\u0442\u0440\u0438\u0434\u0436 Epson Premium XP-600"}}, {"model": "ticketsapp.subproblem", "pk": 34, "fields": {"mainproblem": 5, "subproblemname": "\u041a\u0430\u0440\u0442\u0440\u0438\u0434\u0436 Color LaserJet CP5525"}}, {"model": "ticketsapp.subproblem", "pk": 35, "fields": {"mainproblem": 5, "subproblemname": "\u041a\u0430\u0440\u0442\u0440\u0438\u0434\u0436 Color LaserJet CP2025"}}, {"model": "ticketsapp.subproblem", "pk": 36, "fields": {"mainproblem": 5, "subproblemname": "\u041a\u0430\u0440\u0442\u0440\u0438\u0434\u0436 Epson Stylus Photo R2880 A3"}}, {"model": "ticketsapp.subproblem", "pk": 37, "fields": {"mainproblem": 5, "subproblemname": "\u041a\u0430\u0440\u0442\u0440\u0438\u0434\u0436 LaserJet CP5200"}}, {"model": "ticketsapp.subproblem", "pk": 38, "fields": {"mainproblem": 5, "subproblemname": "\u041a\u0430\u0440\u0442\u0440\u0438\u0434\u0436 LaserJet M1120"}}, {"model": "ticketsapp.subproblem", "pk": 39, "fields": {"mainproblem": 5, "subproblemname": "\u041a\u0430\u0440\u0442\u0440\u0438\u0434\u0436 LaserJet M2727"}}, {"model": "ticketsapp.subproblem", "pk": 40, "fields": {"mainproblem": 5, "subproblemname": "\u041a\u0430\u0440\u0442\u0440\u0438\u0434\u0436 LaserJet M2035"}}, {"model": "ticketsapp.subproblem", "pk": 41, "fields": {"mainproblem": 5, "subproblemname": "\u041a\u0430\u0440\u0442\u0440\u0438\u0434\u0436 Xerox WC 5740"}}, {"model": "ticketsapp.subproblem", "pk": 42, "fields": {"mainproblem": 5, "subproblemname": "\u041a\u0430\u0440\u0442\u0440\u0438\u0434\u0436 Xerox WC 3210/3220"}}, {"model": "ticketsapp.subproblem", "pk": 43, "fields": {"mainproblem": 5, "subproblemname": "\u041a\u0430\u0440\u0442\u0440\u0438\u0434\u0436 Xerox WC 5775"}}, {"model": "ticketsapp.subproblem", "pk": 44, "fields": {"mainproblem": 5, "subproblemname": "\u041a\u0430\u0440\u0442\u0440\u0438\u0434\u0436  \u0434\u043b\u044f \u041c\u0424\u0423 Samsung SCX-6555N"}}, {"model": "ticketsapp.subproblem", "pk": 45, "fields": {"mainproblem": 5, "subproblemname": "\u041a\u0430\u0440\u0442\u0440\u0438\u0434\u0436 \u0434\u043b\u044f \u043f\u0440\u0438\u043d\u0442\u0435\u0440\u0430 Samsung SCX-6555N"}}, {"model": "ticketsapp.subproblem", "pk": 46, "fields": {"mainproblem": 5, "subproblemname": "\u0422\u043e\u043d\u0435\u0440 \u0434\u043b\u044f \u043f\u0440\u0438\u043d\u0442\u0435\u0440\u0430 Kyocera FS-4300DN"}}, {"model": "ticketsapp.subproblem", "pk": 47, "fields": {"mainproblem": 5, "subproblemname": "\u0422\u043e\u043d\u0435\u0440 \u0434\u043b\u044f \u043f\u0440\u0438\u043d\u0442\u0435\u0440\u0430 Ricoh Aficio SP 5200DN"}}, {"model": "ticketsapp.subproblem", "pk": 48, "fields": {"mainproblem": 5, "subproblemname": "\u0422\u043e\u043d\u0435\u0440 \u043a \u041c\u0424\u0423 Sharp AR5618N"}}, {"model": "ticketsapp.subproblem", "pk": 49, "fields": {"mainproblem": 5, "subproblemname": "\u0422\u043e\u043d\u0435\u0440 \u043a \u0444\u0430\u043a\u0441\u0443 Panasonic KX-FL423RU-B"}}, {"model": "ticketsapp.subproblem", "pk": 50, "fields": {"mainproblem": 5, "subproblemname": "\u041a\u0430\u0440\u0442\u0440\u0438\u0434\u0436 Xerox WC 3615"}}]